basename,class,instance,pose,scan_tray,dangerous,IN_id,WN_id
0,cardigan,1,1,A,FALSE,474,n02963159
1,cardigan,1,2,A,FALSE,474,n02963159
2,cardigan,1,3,A,FALSE,474,n02963159
3,toilet_tissue,1,1,A,FALSE,999,n15075141
4,toilet_tissue,1,2,A,FALSE,999,n15075141
5,toilet_tissue,1,3,A,FALSE,999,n15075141
6,plate,1,1,A,FALSE,923,n07579787
7,plate,1,2,A,FALSE,923,n07579787
8,plate,1,3,A,FALSE,923,n07579787
9,plastic_bag,1,1,A,FALSE,728,n03958227
10,plastic_bag,1,2,A,FALSE,728,n03958227
11,plastic_bag,1,3,A,FALSE,728,n03958227
12,violin,1,1,A,FALSE,889,n04536866
13,violin,1,2,A,FALSE,889,n04536866
14,violin,1,3,A,FALSE,889,n04536866
15,violin,1,4,A,FALSE,889,n04536866
16,book,1,1,A,FALSE,,n02870092
17,book,1,2,A,FALSE,,n02870092
18,book,1,3,A,FALSE,,n02870092
19,book,1,4,A,FALSE,,n02870092
20,lipstick,1,1,A,FALSE,629,n03676483
21,lipstick,1,2,A,FALSE,629,n03676483
22,lipstick,1,3,A,FALSE,629,n03676483
23,tray,1,1,A,FALSE,868,n04476259
24,tray,1,2,A,FALSE,868,n04476259
25,tray,1,3,A,FALSE,868,n04476259
26,pasta,1,1,A,FALSE,,n07698915
27,pasta,1,2,A,FALSE,,n07698915
28,pasta,1,3,A,FALSE,,n07698915
29,torch,1,1,A,FALSE,862,n04456115
30,torch,1,2,A,FALSE,862,n04456115
31,torch,1,3,A,FALSE,862,n04456115
32,tampon,1,1,A,FALSE,,n04388162
33,tampon,1,2,A,FALSE,,n04388162
34,tampon,1,3,A,FALSE,,n04388162
35,lotion,1,1,A,FALSE,631,n03690938
36,lotion,1,2,A,FALSE,631,n03690938
37,lotion,1,3,A,FALSE,631,n03690938
38,hair_spray,1,1,A,FALSE,585,n03476991
39,hair_spray,1,2,A,FALSE,585,n03476991
40,hair_spray,1,3,A,FALSE,585,n03476991
41,harmonica,1,1,A,FALSE,593,n03494278
42,harmonica,1,2,A,FALSE,593,n03494278
43,harmonica,1,3,A,FALSE,593,n03494278
44,laptop,1,1,A,FALSE,620,n03642806
45,laptop,1,2,A,FALSE,620,n03642806
46,laptop,1,3,A,FALSE,620,n03642806
47,laptop,1,4,A,FALSE,620,n03642806
48,pajama,1,1,A,FALSE,697,n03877472
49,pajama,1,2,A,FALSE,697,n03877472
50,pajama,1,3,A,FALSE,697,n03877472
51,pajama,1,4,A,FALSE,697,n03877472
52,smartphone,1,1,A,FALSE,,
53,smartphone,1,2,A,FALSE,,
54,smartphone,1,3,A,FALSE,,
55,smartphone,1,4,A,FALSE,,
56,umbrella,1,1,A,FALSE,879,n04507155
57,umbrella,1,2,A,FALSE,879,n04507155
58,umbrella,1,3,A,FALSE,879,n04507155
59,umbrella,1,4,A,FALSE,879,n04507155
60,sunglasses,1,1,A,FALSE,837,n04356056
61,sunglasses,1,2,A,FALSE,837,n04356056
62,sunglasses,1,3,A,FALSE,837,n04356056
63,high_heel,1,1,A,FALSE,,n04276808
64,high_heel,1,2,A,FALSE,,n04276808
65,high_heel,1,3,A,FALSE,,n04276808
66,high_heel,1,4,A,FALSE,,n04276808
67,high_heel,1,5,A,FALSE,,n04276808
68,high_heel,1,6,A,FALSE,,n04276808
69,screwdriver,1,1,A,TRUE,784,n04154565
70,screwdriver,1,2,A,TRUE,784,n04154565
71,screwdriver,1,3,A,TRUE,784,n04154565
72,corkscrew,1,1,A,TRUE,512,n03109150
73,corkscrew,1,2,A,TRUE,512,n03109150
74,corkscrew,1,3,A,TRUE,512,n03109150
75,corkscrew,1,4,A,TRUE,512,n03109150
76,corkscrew,1,5,A,TRUE,512,n03109150
77,corkscrew,1,6,A,TRUE,512,n03109150
78,cellular_telephone,1,1,A,FALSE,487,n02992529
79,cellular_telephone,1,2,A,FALSE,487,n02992529
80,cellular_telephone,1,3,A,FALSE,487,n02992529
81,cellular_telephone,1,4,A,FALSE,487,n02992529
82,boardgame,1,1,A,FALSE,,n00502415
83,boardgame,1,2,A,FALSE,,n00502415
84,boardgame,1,3,A,FALSE,,n00502415
85,cucumber,1,1,A,FALSE,943,n07718472
86,cucumber,1,2,A,FALSE,943,n07718472
87,cucumber,1,3,A,FALSE,943,n07718472
88,cucumber,1,4,A,FALSE,943,n07718472
89,lemon,1,1,A,FALSE,951,n07749582
90,lemon,1,2,A,FALSE,951,n07749582
91,lemon,1,3,A,FALSE,951,n07749582
92,cd_drive,1,1,A,FALSE,,n02988156
93,cd_drive,1,2,A,FALSE,,n02988156
94,cd_drive,1,3,A,FALSE,,n02988156
95,cd_drive,1,4,A,FALSE,,n02988156
96,joystick,1,1,A,FALSE,613,n03602883
97,joystick,1,2,A,FALSE,613,n03602883
98,joystick,1,3,A,FALSE,613,n03602883
99,joystick,1,4,A,FALSE,613,n03602883
100,mouse,1,1,A,FALSE,673,n03793489
101,mouse,1,2,A,FALSE,673,n03793489
102,mouse,1,3,A,FALSE,673,n03793489
103,mouse,1,4,A,FALSE,673,n03793489
104,analog_watch,1,1,A,FALSE,,n02708433
105,analog_watch,1,2,A,FALSE,,n02708433
106,analog_watch,1,3,A,FALSE,,n02708433
107,analog_watch,1,4,A,FALSE,,n02708433
108,sock,1,1,A,FALSE,806,n04254777
109,sock,1,2,A,FALSE,806,n04254777
110,sock,1,3,A,FALSE,806,n04254777
111,wig,1,1,A,FALSE,903,n04584207
112,wig,1,2,A,FALSE,903,n04584207
113,wig,1,3,A,FALSE,903,n04584207
114,glove,1,1,A,FALSE,,n03441112
115,glove,1,2,A,FALSE,,n03441112
116,glove,1,3,A,FALSE,,n03441112
117,glove,1,4,A,FALSE,,n03441112
118,jumper,1,1,A,FALSE,,n04370048
119,jumper,1,2,A,FALSE,,n04370048
120,jumper,1,3,A,FALSE,,n04370048
121,jumper,1,4,A,FALSE,,n04370048
122,scarf,1,1,A,FALSE,,n04143897
123,scarf,1,2,A,FALSE,,n04143897
124,scarf,1,3,A,FALSE,,n04143897
125,scarf,1,4,A,FALSE,,n04143897
126,shorts,1,1,A,FALSE,,n04205318
127,shorts,1,2,A,FALSE,,n04205318
128,shorts,1,3,A,FALSE,,n04205318
129,shorts,1,4,A,FALSE,,n04205318
130,shorts,1,5,A,FALSE,,n04205318
131,comic_book,1,1,A,FALSE,917,n06596364
132,comic_book,1,2,A,FALSE,917,n06596364
133,comic_book,1,3,A,FALSE,917,n06596364
134,safety_pin,1,1,A,FALSE,772,n04127249
135,safety_pin,1,2,A,FALSE,772,n04127249
136,safety_pin,1,3,A,FALSE,772,n04127249
137,safety_pin,1,4,A,FALSE,772,n04127249
138,safety_pin,1,5,A,FALSE,772,n04127249
139,jigsaw_puzzle,1,1,A,FALSE,611,n03598930
140,jigsaw_puzzle,1,2,A,FALSE,611,n03598930
141,jigsaw_puzzle,1,3,A,FALSE,611,n03598930
142,jigsaw_puzzle,1,4,A,FALSE,611,n03598930
143,comb,1,1,A,FALSE,,n03074855
144,comb,1,2,A,FALSE,,n03074855
145,comb,1,3,A,FALSE,,n03074855
146,condoms,1,1,A,FALSE,,n03088164
147,condoms,1,2,A,FALSE,,n03088164
148,condoms,1,3,A,FALSE,,n03088164
149,condoms,1,4,A,FALSE,,n03088164
150,condoms,1,5,A,FALSE,,n03088164
151,passport,1,1,A,FALSE,,n06500937
152,passport,1,2,A,FALSE,,n06500937
153,passport,1,3,A,FALSE,,n06500937
154,passport,1,4,A,FALSE,,n06500937
155,candle,1,1,A,FALSE,470,n02948072
156,candle,1,2,A,FALSE,470,n02948072
157,candle,2,1,A,FALSE,470,n02948072
158,candle,2,2,A,FALSE,470,n02948072
159,candle,2,3,A,FALSE,470,n02948072
160,candle,2,4,A,FALSE,470,n02948072
161,vase,1,1,A,FALSE,883,n04522168
162,vase,1,2,A,FALSE,883,n04522168
163,vase,1,3,A,FALSE,883,n04522168
164,vase,1,4,A,FALSE,883,n04522168
165,bowl,1,1,A,FALSE,,n02881193
166,bowl,1,2,A,FALSE,,n02881193
167,bowl,1,3,A,FALSE,,n02881193
168,coat_hanger,1,1,A,FALSE,,n03057920
169,coat_hanger,1,2,A,FALSE,,n03057920
170,coat_hanger,1,3,A,FALSE,,n03057920
171,paintbrush,1,1,A,FALSE,696,n03876231
172,paintbrush,1,2,A,FALSE,696,n03876231
173,paintbrush,1,3,A,FALSE,696,n03876231
174,switch,1,1,A,FALSE,844,n04372370
175,switch,1,2,A,FALSE,844,n04372370
176,switch,1,3,A,FALSE,844,n04372370
177,switch,1,4,A,FALSE,844,n04372370
178,headphones,1,1,A,FALSE,,n03261776
179,headphones,1,2,A,FALSE,,n03261776
180,headphones,1,3,A,FALSE,,n03261776
181,headphones,1,4,A,FALSE,,n03261776
182,canned_food,1,1,A,FALSE,,n07572957
183,canned_food,1,2,A,FALSE,,n07572957
184,canned_food,1,3,A,FALSE,,n07572957
185,canned_food,1,4,A,FALSE,,n07572957
186,boot,1,1,A,FALSE,,n02872752
187,boot,1,2,A,FALSE,,n02872752
188,boot,1,3,A,FALSE,,n02872752
189,boot,1,4,A,FALSE,,n02872752
190,boot,1,5,A,FALSE,,n02872752
191,rubik_cube,1,1,A,FALSE,,
192,rubik_cube,1,2,A,FALSE,,
193,rubik_cube,1,3,A,FALSE,,
194,table_lamp,1,1,A,FALSE,846,n04380533
195,table_lamp,1,2,A,FALSE,846,n04380533
196,table_lamp,1,3,A,FALSE,846,n04380533
197,bath_towel,1,1,A,FALSE,434,n02808304
198,bath_towel,1,2,A,FALSE,434,n02808304
199,bath_towel,1,3,A,FALSE,434,n02808304
200,bath_towel,1,4,A,FALSE,434,n02808304
201,cards,1,1,A,FALSE,,n02962545
202,cards,1,2,A,FALSE,,n02962545
203,cards,1,3,A,FALSE,,n02962545
204,cards,1,4,A,FALSE,,n02962545
205,splitter_block,1,1,A,FALSE,,n02678897
206,splitter_block,1,2,A,FALSE,,n02678897
207,splitter_block,1,3,A,FALSE,,n02678897
208,splitter_block,1,4,A,FALSE,,n02678897
209,binoculars,1,1,A,FALSE,447,n02841315
210,binoculars,1,2,A,FALSE,447,n02841315
211,binoculars,1,3,A,FALSE,447,n02841315
212,binoculars,1,4,A,FALSE,447,n02841315
213,radio,1,1,A,FALSE,754,n04041544
214,radio,1,2,A,FALSE,754,n04041544
215,radio,1,3,A,FALSE,754,n04041544
216,radio,1,4,A,FALSE,754,n04041544
217,empty,1,1,A,,,
218,knee_pad,1,1,A,FALSE,615,n03623198
219,knee_pad,1,2,A,FALSE,615,n03623198
220,knee_pad,1,3,A,FALSE,615,n03623198
221,knee_pad,1,4,A,FALSE,615,n03623198
222,knee_pad,1,5,A,FALSE,615,n03623198
223,knee_pad,1,6,A,FALSE,615,n03623198
224,mitten,1,1,A,FALSE,658,n03775071
225,mitten,1,2,A,FALSE,658,n03775071
226,mitten,1,3,A,FALSE,658,n03775071
227,mitten,1,4,A,FALSE,658,n03775071
228,mitten,1,5,A,FALSE,658,n03775071
229,sandal,1,1,A,FALSE,774,n04133789
230,sandal,1,2,A,FALSE,774,n04133789
231,sandal,1,3,A,FALSE,774,n04133789
232,sandal,1,4,A,FALSE,774,n04133789
233,swimming_trunks,1,1,A,FALSE,842,n04371430
234,swimming_trunks,1,2,A,FALSE,842,n04371430
235,swimming_trunks,1,3,A,FALSE,842,n04371430
236,swimming_trunks,1,4,A,FALSE,842,n04371430
237,belt,1,1,A,FALSE,,n02827606
238,belt,1,2,A,FALSE,,n02827606
239,belt,1,3,A,FALSE,,n02827606
240,belt,1,4,A,FALSE,,n02827606
241,lighter,1,1,A,TRUE,626,n03666591
242,lighter,1,2,A,TRUE,626,n03666591
243,lighter,1,3,A,TRUE,626,n03666591
244,lighter,1,4,A,TRUE,626,n03666591
245,perfume,1,1,A,FALSE,711,n03916031
246,perfume,1,2,A,FALSE,711,n03916031
247,perfume,1,3,A,FALSE,711,n03916031
248,perfume,1,4,A,FALSE,711,n03916031
249,pill_bottle,1,1,A,FALSE,720,n03937543
250,pill_bottle,1,2,A,FALSE,720,n03937543
251,pill_bottle,1,3,A,FALSE,720,n03937543
252,sunscreen,1,1,A,FALSE,838,n04357314
253,sunscreen,1,2,A,FALSE,838,n04357314
254,sunscreen,1,3,A,FALSE,838,n04357314
255,sunscreen,1,4,A,FALSE,838,n04357314
256,compact_disc,1,1,A,FALSE,,n03079230
257,compact_disc,1,2,A,FALSE,,n03079230
258,compact_disc,1,3,A,FALSE,,n03079230
259,compact_disc,1,4,A,FALSE,,n03079230
260,electric_toothbrush,1,1,A,FALSE,,n03274265
261,electric_toothbrush,1,2,A,FALSE,,n03274265
262,electric_toothbrush,1,3,A,FALSE,,n03274265
263,electric_toothbrush,1,4,A,FALSE,,n03274265
264,power_socket,1,1,A,FALSE,,n04548771
265,power_socket,1,2,A,FALSE,,n04548771
266,power_socket,1,3,A,FALSE,,n04548771
267,power_socket,1,4,A,FALSE,,n04548771
268,power_socket,1,5,A,FALSE,,n04548771
269,empty,2,1,A,,,
270,empty,2,2,A,,,
271,empty,2,3,A,,,
272,empty,2,4,A,,,
273,remote_control,1,1,A,FALSE,761,n04074963
274,remote_control,1,2,A,FALSE,761,n04074963
275,remote_control,1,3,A,FALSE,761,n04074963
276,remote_control,1,4,A,FALSE,761,n04074963
277,remote_control,1,5,N,FALSE,761,n04074963
278,remote_control,1,6,N,FALSE,761,n04074963
279,crayon,1,1,A,FALSE,,n03128248
280,crayon,1,2,A,FALSE,,n03128248
281,crayon,1,3,A,FALSE,,n03128248
282,crayon,1,4,A,FALSE,,n03128248
283,extension_cord,1,1,A,FALSE,,n03307037
284,extension_cord,1,2,A,FALSE,,n03307037
285,extension_cord,1,3,A,FALSE,,n03307037
286,extension_cord,1,4,A,FALSE,,n03307037
287,extension_cord,1,5,N,FALSE,,n03307037
288,frying_pan,1,1,A,FALSE,567,n03400231
289,frying_pan,1,2,A,FALSE,567,n03400231
290,frying_pan,1,3,A,FALSE,567,n03400231
291,frying_pan,1,4,N,FALSE,567,n03400231
292,bathing_cap,1,1,A,FALSE,433,n02807133
293,bathing_cap,1,2,A,FALSE,433,n02807133
294,bathing_cap,1,3,A,FALSE,433,n02807133
295,bikini,1,1,A,FALSE,445,n02837789
296,bikini,1,2,A,FALSE,445,n02837789
297,bikini,1,3,A,FALSE,445,n02837789
298,bikini,1,4,A,FALSE,445,n02837789
299,jean,1,1,A,FALSE,608,n03594734
300,jean,1,2,A,FALSE,608,n03594734
301,jean,1,3,A,FALSE,608,n03594734
302,jean,1,4,A,FALSE,608,n03594734
303,poncho,1,1,A,FALSE,735,n03980874
304,poncho,1,2,A,FALSE,735,n03980874
305,poncho,1,3,A,FALSE,735,n03980874
306,rugby_shirt,1,1,A,FALSE,,
307,rugby_shirt,1,2,A,FALSE,,
308,rugby_shirt,1,3,A,FALSE,,
309,rugby_shirt,1,4,A,FALSE,,
310,dressing_gown,1,1,A,FALSE,,n03237992
311,dressing_gown,1,2,A,FALSE,,n03237992
312,dressing_gown,1,3,A,FALSE,,n03237992
313,high_heel,2,1,A,FALSE,,n04276808
314,high_heel,2,2,A,FALSE,,n04276808
315,high_heel,2,3,A,FALSE,,n04276808
316,high_heel,2,4,A,FALSE,,n04276808
317,high_heel,2,5,A,FALSE,,n04276808
318,high_heel,2,6,A,FALSE,,n04276808
319,high_heel,2,7,A,FALSE,,n04276808
320,high_heel,2,8,A,FALSE,,n04276808
321,quilted_jacket,1,1,A,FALSE,,
322,quilted_jacket,1,2,A,FALSE,,
323,quilted_jacket,1,3,A,FALSE,,
324,stockings,1,1,A,FALSE,,n04323819
325,stockings,1,2,A,FALSE,,n04323819
326,stockings,1,3,A,FALSE,,n04323819
327,stockings,1,4,A,FALSE,,n04323819
328,wellington_boot,1,1,A,FALSE,,n03516844
329,wellington_boot,1,2,A,FALSE,,n03516844
330,wellington_boot,1,3,A,FALSE,,n03516844
331,wellington_boot,1,4,N,FALSE,,n03516844
332,backpack,1,1,A,FALSE,414,n02769748
333,backpack,1,2,A,FALSE,414,n02769748
334,backpack,1,3,A,FALSE,414,n02769748
335,face_powder,1,1,A,FALSE,551,n03314780
336,face_powder,1,2,A,FALSE,551,n03314780
337,face_powder,1,3,A,FALSE,551,n03314780
338,necklace,1,1,A,FALSE,679,n03814906
339,necklace,1,2,A,FALSE,679,n03814906
340,necklace,1,3,A,FALSE,679,n03814906
341,necklace,1,4,A,FALSE,679,n03814906
342,floss,1,1,A,FALSE,,n03175843
343,floss,1,2,A,FALSE,,n03175843
344,floss,1,3,A,FALSE,,n03175843
345,nail_file,1,1,A,FALSE,,n14674143
346,nail_file,1,2,A,FALSE,,n14674143
347,nail_file,1,3,A,FALSE,,n14674143
348,razor,1,1,A,TRUE,,n04057047
349,razor,1,2,A,TRUE,,n04057047
350,razor,1,3,A,TRUE,,n04057047
351,wet_wipes,1,1,A,FALSE,,
352,wet_wipes,1,2,A,FALSE,,
353,wet_wipes,1,3,A,FALSE,,
354,wet_wipes,1,4,N,FALSE,,
355,toothpaste,1,1,A,FALSE,,n04453298
356,toothpaste,1,2,A,FALSE,,n04453298
357,toothpaste,1,3,A,FALSE,,n04453298
358,toothpaste,1,4,A,FALSE,,n04453298
359,toothpaste,1,5,A,FALSE,,n04453298
360,toothpaste,1,6,N,FALSE,,n04453298
361,iron,1,1,A,FALSE,606,n03584829
362,iron,1,2,A,FALSE,606,n03584829
363,iron,1,3,A,FALSE,606,n03584829
364,iron,1,4,A,FALSE,606,n03584829
365,iron,1,5,N,FALSE,606,n03584829
366,Christmas_stocking,1,1,A,FALSE,496,n03026506
367,Christmas_stocking,1,2,A,FALSE,496,n03026506
368,Christmas_stocking,1,3,A,FALSE,496,n03026506
369,ladle,1,1,A,FALSE,618,n03633091
370,ladle,1,2,A,FALSE,618,n03633091
371,ladle,1,3,A,FALSE,618,n03633091
372,ladle,1,4,N,FALSE,618,n03633091
373,water_jug,1,1,A,FALSE,899,n04560804
374,water_jug,1,2,A,FALSE,899,n04560804
375,water_jug,1,3,A,FALSE,899,n04560804
376,rubber_eraser,1,1,A,FALSE,767,n04116512
377,rubber_eraser,1,2,A,FALSE,767,n04116512
378,rubber_eraser,1,3,A,FALSE,767,n04116512
379,soap_dispenser,1,1,A,FALSE,804,n04254120
380,soap_dispenser,1,2,A,FALSE,804,n04254120
381,soap_dispenser,1,3,A,FALSE,804,n04254120
382,soap_dispenser,1,4,N,FALSE,804,n04254120
383,mouthwash,1,1,A,FALSE,,n14848642
384,mouthwash,1,2,A,FALSE,,n14848642
385,mouthwash,1,3,A,FALSE,,n14848642
386,pencil,1,1,A,FALSE,,n03908204
387,pencil,1,2,A,FALSE,,n03908204
388,pencil,1,3,A,FALSE,,n03908204
389,pencil,1,4,A,FALSE,,n03908204
390,pencil_box,1,1,A,FALSE,709,n03908618
391,pencil_box,1,2,A,FALSE,709,n03908618
392,pencil_box,1,3,A,FALSE,709,n03908618
393,pencil_box,1,4,A,FALSE,709,n03908618
394,roller_skate,1,1,A,FALSE,,n04102618
395,roller_skate,1,2,A,FALSE,,n04102618
396,roller_skate,1,3,A,FALSE,,n04102618
397,stylophone,1,1,A,FALSE,,
398,stylophone,1,2,A,FALSE,,
399,stylophone,1,3,A,FALSE,,
400,stylophone,1,4,A,FALSE,,
401,stylophone,1,5,A,FALSE,,
402,stylophone,1,6,N,FALSE,,
403,stylophone,1,7,N,FALSE,,
404,magazine,1,1,A,FALSE,,n03704210
405,magazine,1,2,A,FALSE,,n03704210
406,magazine,1,3,A,FALSE,,n03704210
407,shower_cap,1,1,A,FALSE,793,n04209133
408,shower_cap,1,2,A,FALSE,793,n04209133
409,shower_cap,1,3,A,FALSE,793,n04209133
410,empty,3,1,A,,,
411,empty,3,2,A,,,
412,empty,3,3,A,,,
413,iPod,1,1,A,FALSE,605,n03584254
414,iPod,1,2,A,FALSE,605,n03584254
415,iPod,1,3,A,FALSE,605,n03584254
416,iPod,1,4,A,FALSE,605,n03584254
417,iPod,1,5,A,FALSE,605,n03584254
418,iPod,1,6,A,FALSE,605,n03584254
419,iPod,1,7,N,FALSE,605,n03584254
420,kindle,1,1,A,FALSE,,
421,kindle,1,2,A,FALSE,,
422,kindle,1,3,A,FALSE,,
423,kindle,1,4,A,FALSE,,
424,kindle,1,5,N,FALSE,,
425,brassiere,1,1,A,FALSE,459,n02892767
426,brassiere,1,2,A,FALSE,459,n02892767
427,brassiere,1,3,A,FALSE,459,n02892767
428,brassiere,1,4,A,FALSE,459,n02892767
429,mask,1,1,A,FALSE,643,n03724870
430,mask,1,2,A,FALSE,643,n03724870
431,mask,1,3,A,FALSE,643,n03724870
432,mask,2,1,A,FALSE,643,n03724870
433,mask,2,2,A,FALSE,643,n03724870
434,mask,2,3,A,FALSE,643,n03724870
435,empty,3,1,A,,,
436,empty,3,2,A,,,
437,empty,3,3,A,,,
438,suit,1,1,A,FALSE,834,n04350905
439,suit,1,2,A,FALSE,834,n04350905
440,suit,1,3,A,FALSE,834,n04350905
441,suit,1,4,A,FALSE,834,n04350905
442,syringe,1,1,A,FALSE,845,n04376876
443,syringe,1,2,A,FALSE,845,n04376876
444,syringe,1,3,A,FALSE,845,n04376876
445,cotton_buds,1,1,A,FALSE,,n04367746
446,cotton_buds,1,2,A,FALSE,,n04367746
447,cotton_buds,1,3,A,FALSE,,n04367746
448,nail_scissors,1,1,A,TRUE,,n03044934
449,nail_scissors,1,2,A,TRUE,,n03044934
450,nail_scissors,1,3,A,TRUE,,n03044934
451,nail_scissors,1,4,A,TRUE,,n03044934
452,nail_scissors,1,5,A,TRUE,,n03044934
453,washbag,1,1,A,FALSE,,n04446844
454,washbag,1,2,A,FALSE,,n04446844
455,washbag,1,3,A,FALSE,,n04446844
456,washbag,1,4,A,FALSE,,n04446844
457,binder,1,1,A,FALSE,446,n02840245
458,binder,1,2,A,FALSE,446,n02840245
459,binder,1,3,A,FALSE,446,n02840245
460,binder,1,4,A,FALSE,446,n02840245
461,can_opener,1,1,A,FALSE,473,n02951585
462,can_opener,1,2,A,FALSE,473,n02951585
463,can_opener,1,3,A,FALSE,473,n02951585
464,can_opener,1,4,A,FALSE,473,n02951585
465,matchstick,1,1,A,FALSE,644,n03729826
466,matchstick,1,2,A,FALSE,644,n03729826
467,matchstick,1,3,A,FALSE,644,n03729826
468,matchstick,1,4,A,FALSE,644,n03729826
469,matchstick,1,5,A,FALSE,644,n03729826
470,scale,1,1,A,FALSE,778,n04141975
471,scale,1,2,A,FALSE,778,n04141975
472,scale,1,3,A,FALSE,778,n04141975
473,scale,1,4,A,FALSE,778,n04141975
474,scale,1,5,N,FALSE,778,n04141975
475,envelope,1,1,A,FALSE,549,n03291819
476,envelope,1,2,A,FALSE,549,n03291819
477,envelope,1,3,A,FALSE,549,n03291819
478,lampshade,1,1,A,FALSE,619,n03637318
479,lampshade,1,2,A,FALSE,619,n03637318
480,lampshade,1,3,A,FALSE,619,n03637318
481,measuring_cup,1,1,A,FALSE,647,n03733805
482,measuring_cup,1,2,A,FALSE,647,n03733805
483,measuring_cup,1,3,A,FALSE,647,n03733805
484,measuring_cup,1,4,A,FALSE,647,n03733805
485,measuring_cup,2,1,A,FALSE,647,n03733805
486,measuring_cup,2,2,A,FALSE,647,n03733805
487,measuring_cup,2,3,A,FALSE,647,n03733805
488,sleeping_bag,1,1,A,FALSE,797,n04235860
489,sleeping_bag,1,2,A,FALSE,797,n04235860
490,sleeping_bag,1,3,A,FALSE,797,n04235860
491,slotted_spoon,1,1,A,FALSE,,
492,slotted_spoon,1,2,A,FALSE,,
493,slotted_spoon,1,3,A,FALSE,,
494,sieve,1,1,A,FALSE,,n04216634
495,sieve,1,2,A,FALSE,,n04216634
496,sieve,1,3,A,FALSE,,n04216634
497,colander,1,1,A,FALSE,,n03066849
498,colander,1,2,A,FALSE,,n03066849
499,colander,1,3,A,FALSE,,n03066849
500,colander,1,4,A,FALSE,,n03066849
501,wool,1,1,A,FALSE,911,n04599235
502,wool,1,2,A,FALSE,911,n04599235
503,wool,1,3,A,FALSE,911,n04599235
504,wallet,1,1,A,FALSE,893,n04548362
505,wallet,1,2,A,FALSE,893,n04548362
506,wallet,1,3,A,FALSE,893,n04548362
507,wallet,1,4,A,FALSE,893,n04548362
508,thermometer,1,1,A,FALSE,,n04421872
509,thermometer,1,2,A,FALSE,,n04421872
510,thermometer,1,3,A,FALSE,,n04421872
511,fur_coat,1,1,A,FALSE,568,n03404251
512,fur_coat,1,2,A,FALSE,568,n03404251
513,fur_coat,1,3,A,FALSE,568,n03404251
514,fur_coat,1,4,A,FALSE,568,n03404251
515,stole,1,1,A,FALSE,824,n04325704
516,stole,1,2,A,FALSE,824,n04325704
517,stole,1,3,A,FALSE,824,n04325704
518,dinner_jacket,1,1,A,FALSE,,n03201776
519,dinner_jacket,1,2,A,FALSE,,n03201776
520,dinner_jacket,1,3,A,FALSE,,n03201776
521,dinner_jacket,1,4,A,FALSE,,n03201776
522,cotton_wool,1,1,A,FALSE,,n14870078
523,cotton_wool,1,2,A,FALSE,,n14870078
524,cotton_wool,1,3,A,FALSE,,n14870078
525,hair_gel,1,1,A,FALSE,,n03794136
526,hair_gel,1,2,A,FALSE,,n03794136
527,hair_gel,1,3,A,FALSE,,n03794136
528,hair_gel,1,4,A,FALSE,,n03794136
529,hairbrush,1,1,A,FALSE,,n03475581
530,hairbrush,1,2,A,FALSE,,n03475581
531,hairbrush,1,3,A,FALSE,,n03475581
532,jewellery_box,1,1,A,FALSE,,n02978055
533,jewellery_box,1,2,A,FALSE,,n02978055
534,jewellery_box,1,3,A,FALSE,,n02978055
535,jewellery_box,1,4,A,FALSE,,n02978055
536,jewellery_box,1,5,A,FALSE,,n02978055
537,jewellery_box,1,6,A,FALSE,,n02978055
538,bracelet,1,1,A,FALSE,,n02887970
539,bracelet,1,2,A,FALSE,,n02887970
540,bracelet,1,3,A,FALSE,,n02887970
541,bracelet,2,1,A,FALSE,,n02887970
542,bracelet,2,2,A,FALSE,,n02887970
543,bracelet,2,3,A,FALSE,,n02887970
544,bracelet,3,1,A,FALSE,,n02887970
545,bracelet,3,2,A,FALSE,,n02887970
546,bracelet,3,3,A,FALSE,,n02887970
547,nail_clippers,1,1,A,FALSE,,
548,nail_clippers,1,2,A,FALSE,,
549,nail_clippers,1,3,A,FALSE,,
550,shampoo,1,1,A,FALSE,,n04183516
551,shampoo,1,2,A,FALSE,,n04183516
552,shampoo,1,3,A,FALSE,,n04183516
553,shampoo,1,4,A,FALSE,,n04183516
554,shampoo,1,5,N,FALSE,,n04183516
555,soap,1,1,A,FALSE,,n04253437
556,soap,1,2,A,FALSE,,n04253437
557,soap,1,3,A,FALSE,,n04253437
558,soap,1,4,N,FALSE,,n04253437
559,ballpoint,1,1,A,FALSE,418,n02783161
560,ballpoint,1,2,A,FALSE,418,n02783161
561,ballpoint,1,3,A,FALSE,418,n02783161
562,coffee_mug,1,1,A,FALSE,504,n03063599
563,coffee_mug,1,2,A,FALSE,504,n03063599
564,coffee_mug,1,3,A,FALSE,504,n03063599
565,coffee_mug,1,4,A,FALSE,504,n03063599
566,pillow,1,1,A,FALSE,721,n03938244
567,pillow,1,2,A,FALSE,721,n03938244
568,pillow,1,3,A,FALSE,721,n03938244
569,dishrag,1,1,A,FALSE,533,n03207743
570,dishrag,1,2,A,FALSE,533,n03207743
571,dishrag,1,3,A,FALSE,533,n03207743
572,dishrag,1,4,A,FALSE,533,n03207743
573,wall_clock,1,1,A,FALSE,892,n04548280
574,wall_clock,1,2,A,FALSE,892,n04548280
575,wall_clock,1,3,A,FALSE,892,n04548280
576,wall_clock,1,4,N,FALSE,892,n04548280
577,electric_fan,1,1,A,FALSE,545,n03271574
578,electric_fan,1,2,A,FALSE,545,n03271574
579,electric_fan,1,3,A,FALSE,545,n03271574
580,electric_fan,1,4,A,FALSE,545,n03271574
581,electric_fan,1,5,N,FALSE,545,n03271574
582,bread_knife,1,1,A,TRUE,,n02893941
583,bread_knife,1,2,A,TRUE,,n02893941
584,bread_knife,1,3,A,TRUE,,n02893941
585,bread_knife,1,4,N,TRUE,,n02893941
586,fork,1,1,A,FALSE,,n03383948
587,fork,1,2,A,FALSE,,n03383948
588,fork,1,3,A,FALSE,,n03383948
589,saucepan,1,1,A,FALSE,,n04138977
590,saucepan,1,2,A,FALSE,,n04138977
591,saucepan,1,3,A,FALSE,,n04138977
592,saucepan,1,4,A,FALSE,,n04138977
593,saucepan,1,5,N,FALSE,,n04138977
594,gaffer_tape,1,1,A,FALSE,,n03253516
595,gaffer_tape,1,2,A,FALSE,,n03253516
596,gaffer_tape,1,3,A,FALSE,,n03253516
597,gaffer_tape,1,4,N,FALSE,,n03253516
598,empty,4,1,A,,,
599,empty,4,2,A,,,
600,empty,4,3,A,,,
601,sax,1,1,N,FALSE,776,n04141076
602,sax,1,2,N,FALSE,776,n04141076
603,sax,1,3,N,FALSE,776,n04141076
604,sax,1,4,N,FALSE,776,n04141076
605,sax,1,5,A,FALSE,776,n04141076
606,sax,1,6,A,FALSE,776,n04141076
607,sax,1,7,A,FALSE,776,n04141076
608,dvd_player,1,1,A,FALSE,,
609,dvd_player,1,2,A,FALSE,,
610,dvd_player,1,3,A,FALSE,,
611,dvd_player,1,4,A,FALSE,,
612,dvd_player,1,5,N,FALSE,,
613,modem,1,1,A,FALSE,662,n03777754
614,modem,1,2,A,FALSE,662,n03777754
615,modem,1,3,A,FALSE,662,n03777754
616,modem,1,4,A,FALSE,662,n03777754
617,modem,1,5,A,FALSE,662,n03777754
618,modem,1,6,N,FALSE,662,n03777754
619,telephone,1,1,A,FALSE,,n04401088
620,telephone,1,2,A,FALSE,,n04401088
621,telephone,1,3,A,FALSE,,n04401088
622,cable,1,1,A,FALSE,,n02934168
623,cable,1,2,A,FALSE,,n02934168
624,cable,1,3,A,FALSE,,n02934168
625,bowler_hat,1,1,A,FALSE,,n02881757
626,bowler_hat,1,2,A,FALSE,,n02881757
627,bowler_hat,1,3,A,FALSE,,n02881757
628,cigarettes,1,1,A,FALSE,,n03030663
629,cigarettes,1,2,A,FALSE,,n03030663
630,cigarettes,1,3,A,FALSE,,n03030663
631,cigarettes,1,4,A,FALSE,,n03030663
632,quilt,1,1,A,FALSE,750,n04033995
633,quilt,1,2,A,FALSE,750,n04033995
634,quilt,1,3,A,FALSE,750,n04033995
635,quilt,1,4,A,FALSE,750,n04033995
636,sewing_machine,1,1,A,FALSE,786,n04179913
637,sewing_machine,1,2,A,FALSE,786,n04179913
638,sewing_machine,1,3,N,FALSE,786,n04179913
639,sewing_machine,1,4,N,FALSE,786,n04179913
640,velvet,1,1,A,FALSE,885,n04525038
641,velvet,1,2,A,FALSE,885,n04525038
642,velvet,1,3,A,FALSE,885,n04525038
643,walking_boot,1,1,A,FALSE,,n04546081
644,walking_boot,1,2,A,FALSE,,n04546081
645,walking_boot,1,3,A,FALSE,,n04546081
646,walking_boot,1,4,A,FALSE,,n04546081
647,cable,2,1,A,FALSE,,n02934168
648,cable,2,2,A,FALSE,,n02934168
649,cable,2,3,A,FALSE,,n02934168
650,cable,2,4,A,FALSE,,n02934168
651,ipad,1,1,A,FALSE,,n03985232
652,ipad,1,2,A,FALSE,,n03985232
653,ipad,1,3,A,FALSE,,n03985232
654,ipad,1,4,A,FALSE,,n03985232
655,ipad,1,5,A,FALSE,,n03985232
656,ipad,1,6,N,FALSE,,n03985232
657,penknife,1,1,A,TRUE,,n03911658
658,penknife,1,2,A,TRUE,,n03911658
659,penknife,1,3,A,TRUE,,n03911658
660,penknife,1,4,A,TRUE,,n03911658
661,penknife,1,5,A,TRUE,,n03911658
662,penknife,1,6,N,TRUE,,n03911658
663,tape_measure,1,1,A,FALSE,,n04392113
664,tape_measure,1,2,A,FALSE,,n04392113
665,tape_measure,1,3,A,FALSE,,n04392113
666,tape_measure,1,4,N,FALSE,,n04392113
667,empty,5,1,A,,,
668,empty,5,2,A,,,
669,empty,5,3,A,,,
670,notebook,1,1,A,FALSE,681,n03832673
671,notebook,1,2,A,FALSE,681,n03832673
672,notebook,1,3,A,FALSE,681,n03832673
673,notebook,1,4,A,FALSE,681,n03832673
674,notebook,1,5,A,FALSE,681,n03832673
675,notebook,1,6,N,FALSE,681,n03832673
676,running_shoe,1,1,A,FALSE,770,n04120489
677,running_shoe,1,2,A,FALSE,770,n04120489
678,running_shoe,1,3,A,FALSE,770,n04120489
679,beanie,1,1,A,FALSE,,n02816768
680,beanie,1,2,A,FALSE,,n02816768
681,beanie,1,3,A,FALSE,,n02816768
682,paper_towel,1,1,A,FALSE,700,n03887697
683,paper_towel,1,2,A,FALSE,700,n03887697
684,paper_towel,1,3,A,FALSE,700,n03887697
685,teddy,1,1,A,FALSE,850,n04399382
686,teddy,1,2,A,FALSE,850,n04399382
687,teddy,1,3,A,FALSE,850,n04399382
688,teddy,1,4,A,FALSE,850,n04399382
689,magazine,2,1,A,FALSE,,n03704210
690,magazine,2,2,A,FALSE,,n03704210
691,magazine,2,3,A,FALSE,,n03704210
692,deodorant,1,1,A,FALSE,,n03176594
693,deodorant,1,2,A,FALSE,,n03176594
694,deodorant,1,3,A,FALSE,,n03176594
695,deodorant,1,4,A,FALSE,,n03176594
696,hair_clippers,1,1,A,FALSE,,
697,hair_clippers,1,2,A,FALSE,,
698,hair_clippers,1,3,A,FALSE,,
699,hair_clippers,1,4,A,FALSE,,
700,red_wine,1,1,A,FALSE,966,n07892512
701,red_wine,1,2,A,FALSE,966,n07892512
702,red_wine,1,3,A,FALSE,966,n07892512
703,soup_bowl,1,1,A,FALSE,809,n04263257
704,soup_bowl,1,2,A,FALSE,809,n04263257
705,soup_bowl,1,3,A,FALSE,809,n04263257
706,soup_bowl,1,4,N,FALSE,809,n04263257
707,spatula,1,1,A,FALSE,813,n04270147
708,spatula,1,2,A,FALSE,813,n04270147
709,spatula,1,3,A,FALSE,813,n04270147
710,brush,1,1,A,FALSE,,n02908217
711,brush,1,2,A,FALSE,,n02908217
712,brush,1,3,A,FALSE,,n02908217
713,spotlight,1,1,A,FALSE,818,n04286575
714,spotlight,1,2,A,FALSE,818,n04286575
715,spotlight,1,3,A,FALSE,818,n04286575
716,spotlight,1,4,A,FALSE,818,n04286575
717,spotlight,1,5,A,FALSE,818,n04286575
718,spotlight,1,6,A,FALSE,818,n04286575
719,swab,1,1,A,FALSE,840,n04367480
720,swab,1,2,A,FALSE,840,n04367480
721,swab,1,3,A,FALSE,840,n04367480
722,vacuum,1,1,A,FALSE,882,n04517823
723,vacuum,1,2,A,FALSE,882,n04517823
724,vacuum,1,3,A,FALSE,882,n04517823
725,vacuum,1,4,A,FALSE,882,n04517823
726,vacuum,1,5,N,FALSE,882,n04517823
727,vacuum,1,6,N,FALSE,882,n04517823
728,marker,1,1,A,FALSE,,n03722007
729,marker,1,2,A,FALSE,,n03722007
730,marker,1,3,A,FALSE,,n03722007
731,marker,2,1,A,FALSE,,n03722007
732,marker,2,2,A,FALSE,,n03722007
733,marker,2,3,A,FALSE,,n03722007
734,pepper_grinder,1,1,A,FALSE,,n03914337
735,pepper_grinder,1,2,A,FALSE,,n03914337
736,pepper_grinder,1,3,A,FALSE,,n03914337
737,spoon,1,1,A,FALSE,,n04284002
738,spoon,1,2,A,FALSE,,n04284002
739,spoon,1,3,A,FALSE,,n04284002
740,spoon,2,1,A,FALSE,,n04284002
741,spoon,2,2,A,FALSE,,n04284002
742,spoon,2,3,A,FALSE,,n04284002
743,teaspoon,1,1,A,FALSE,,n04398688
744,teaspoon,1,2,A,FALSE,,n04398688
745,teaspoon,1,3,A,FALSE,,n04398688
746,sellotape,1,1,A,FALSE,,n02992795
747,sellotape,1,2,A,FALSE,,n02992795
748,sellotape,1,3,A,FALSE,,n02992795
749,plunger,1,1,A,FALSE,731,n03970156
750,plunger,1,2,A,FALSE,731,n03970156
751,plunger,1,3,A,FALSE,731,n03970156
752,tennis_ball,1,1,A,FALSE,852,n04409515
753,tennis_ball,1,2,A,FALSE,852,n04409515
754,tennis_ball,1,3,A,FALSE,852,n04409515
755,charger,1,1,A,FALSE,,n03008976
756,charger,1,2,A,FALSE,,n03008976
757,charger,1,3,A,FALSE,,n03008976
758,charger,1,4,A,FALSE,,n03008976
759,analog_watch,2,1,A,FALSE,,n02708433
760,analog_watch,2,2,A,FALSE,,n02708433
761,analog_watch,2,3,A,FALSE,,n02708433
762,analog_watch,2,4,A,FALSE,,n02708433
763,e_liquid,1,1,A,FALSE,,
764,e_liquid,1,2,A,FALSE,,
765,e_liquid,1,3,A,FALSE,,
766,carving_knife,1,1,A,TRUE,,n02973904
767,carving_knife,1,2,A,TRUE,,n02973904
768,carving_knife,1,3,A,TRUE,,n02973904
769,carving_knife,2,1,A,TRUE,,n02973904
770,carving_knife,2,2,A,TRUE,,n02973904
771,carving_knife,2,3,A,TRUE,,n02973904
772,bread_knife,2,1,A,TRUE,,n02893941
773,bread_knife,2,2,A,TRUE,,n02893941
774,bread_knife,2,3,A,TRUE,,n02893941
775,carving_knife,3,1,A,TRUE,,n02973904
776,carving_knife,3,2,A,TRUE,,n02973904
777,carving_knife,3,3,A,TRUE,,n02973904
778,craft_knife,1,1,A,TRUE,,
779,craft_knife,1,2,A,TRUE,,
780,craft_knife,1,3,A,TRUE,,
781,craft_knife,2,1,A,TRUE,,
782,craft_knife,2,2,A,TRUE,,
783,craft_knife,2,3,A,TRUE,,
784,scissors,1,1,A,TRUE,,n04148054
785,scissors,1,2,A,TRUE,,n04148054
786,scissors,1,3,A,TRUE,,n04148054
787,scissors,1,4,A,TRUE,,n04148054
788,scissors,2,1,A,TRUE,,n04148054
789,scissors,2,2,A,TRUE,,n04148054
790,scissors,2,3,A,TRUE,,n04148054
791,scissors,2,4,A,TRUE,,n04148054
792,scissors,2,5,A,TRUE,,n04148054
793,box_cutter,1,1,A,TRUE,,
794,box_cutter,1,2,A,TRUE,,
795,box_cutter,1,3,A,TRUE,,
796,box_cutter,2,1,A,TRUE,,
797,box_cutter,2,2,A,TRUE,,
798,box_cutter,2,3,A,TRUE,,
799,box_cutter,2,4,A,TRUE,,
800,plane,1,1,A,TRUE,726,n03954731
801,plane,1,2,A,TRUE,726,n03954731
802,plane,1,3,A,TRUE,726,n03954731
803,plane,1,4,A,TRUE,726,n03954731
804,power_drill,1,1,A,TRUE,740,n03995372
805,power_drill,1,2,A,TRUE,740,n03995372
806,power_drill,1,3,A,TRUE,740,n03995372
807,power_drill,1,4,A,TRUE,740,n03995372
808,power_drill,2,1,A,TRUE,740,n03995372
809,power_drill,2,2,A,TRUE,740,n03995372
810,power_drill,2,3,A,TRUE,740,n03995372
811,mallet,1,1,A,TRUE,,n03715386
812,mallet,1,2,A,TRUE,,n03715386
813,mallet,1,3,A,TRUE,,n03715386
814,hammer,1,1,A,TRUE,587,n03481172
815,hammer,1,2,A,TRUE,587,n03481172
816,hammer,1,3,A,TRUE,587,n03481172
817,blowtorch,1,1,A,TRUE,,n02855390
818,blowtorch,1,2,A,TRUE,,n02855390
819,blowtorch,1,3,A,TRUE,,n02855390
820,blowtorch,1,4,A,TRUE,,n02855390
821,secateurs,1,1,A,TRUE,,n04163530
822,secateurs,1,2,A,TRUE,,n04163530
823,secateurs,1,3,A,TRUE,,n04163530
824,wirecutter,1,1,A,TRUE,,n04594828
825,wirecutter,1,2,A,TRUE,,n04594828
826,wirecutter,1,3,A,TRUE,,n04594828
827,wirecutter,1,4,A,TRUE,,n04594828
828,knife,1,1,A,TRUE,,n03623556
829,knife,1,2,A,TRUE,,n03623556
830,knife,1,3,A,TRUE,,n03623556
831,knife,2,1,A,TRUE,,n03623556
832,knife,2,2,A,TRUE,,n03623556
833,knife,2,3,A,TRUE,,n03623556
834,knife,3,1,A,TRUE,,n03623556
835,knife,3,2,A,TRUE,,n03623556
836,knife,3,3,A,TRUE,,n03623556
837,penknife,2,1,A,TRUE,,n03911658
838,penknife,2,2,A,TRUE,,n03911658
839,penknife,2,3,A,TRUE,,n03911658
840,penknife,2,4,A,TRUE,,n03911658
841,penknife,2,5,A,TRUE,,n03911658
842,penknife,2,6,A,TRUE,,n03911658
843,razor,2,1,A,TRUE,,n04057047
844,razor,2,2,A,TRUE,,n04057047
845,razor,2,3,A,TRUE,,n04057047
846,razor,2,4,A,TRUE,,n04057047
847,razor_blades,1,1,A,TRUE,,
848,razor_blades,1,2,A,TRUE,,
849,razor_blades,1,3,A,TRUE,,
850,screwdriver,2,1,A,TRUE,784,n04154565
851,screwdriver,2,2,A,TRUE,784,n04154565
852,screwdriver,2,3,A,TRUE,784,n04154565
853,screwdriver,3,1,A,TRUE,784,n04154565
854,screwdriver,3,2,A,TRUE,784,n04154565
855,screwdriver,3,3,A,TRUE,784,n04154565
856,soldering_iron,1,1,A,FALSE,,n04258859
857,soldering_iron,1,2,A,FALSE,,n04258859
858,soldering_iron,1,3,A,FALSE,,n04258859
859,empty,6,1,A,,,
860,empty,6,2,A,,,
861,empty,6,3,A,,,
862,teddy,2,1,A,FALSE,850,n04399382
863,teddy,2,2,A,FALSE,850,n04399382
864,teddy,2,3,A,FALSE,850,n04399382
865,loudspeaker,1,1,A,FALSE,632,n03691459
866,loudspeaker,1,2,A,FALSE,632,n03691459
867,loudspeaker,1,3,A,FALSE,632,n03691459
868,loudspeaker,2,1,A,FALSE,632,n03691459
869,loudspeaker,2,2,A,FALSE,632,n03691459
870,loudspeaker,2,3,A,FALSE,632,n03691459
871,loudspeaker,2,4,A,FALSE,632,n03691459
872,camera,1,1,A,FALSE,,n02942699
873,camera,1,2,A,FALSE,,n02942699
874,camera,1,3,A,FALSE,,n02942699
875,razor_blades,2,1,A,TRUE,,
876,razor_blades,2,2,A,TRUE,,
877,razor_blades,2,3,A,TRUE,,
878,razor_blades,2,4,A,TRUE,,
879,fascinator,1,1,A,FALSE,,
880,fascinator,1,2,A,FALSE,,
881,fascinator,1,3,A,FALSE,,
882,e_cigarette,1,1,A,FALSE,,n04520962
883,e_cigarette,1,2,A,FALSE,,n04520962
884,e_cigarette,1,3,A,FALSE,,n04520962
885,wooden_spoon,1,1,A,FALSE,910,n04597913
886,wooden_spoon,1,2,A,FALSE,910,n04597913
887,wooden_spoon,1,3,A,FALSE,910,n04597913
888,wooden_spoon,2,1,A,FALSE,910,n04597913
889,wooden_spoon,2,2,A,FALSE,910,n04597913
890,wooden_spoon,2,3,A,FALSE,910,n04597913
891,vinyl_record,1,1,A,FALSE,,n03924069
892,vinyl_record,1,2,A,FALSE,,n03924069
893,vinyl_record,1,3,A,FALSE,,n03924069
894,cassette,1,1,A,FALSE,481,n02978881
895,cassette,1,2,A,FALSE,481,n02978881
896,cassette,1,3,A,FALSE,481,n02978881
897,cassette,1,4,A,FALSE,481,n02978881
898,cassette,1,5,A,FALSE,481,n02978881
899,milk_carton,1,1,A,FALSE,,
900,milk_carton,1,2,A,FALSE,,
901,milk_carton,1,3,A,FALSE,,
902,oxygen_mask,1,1,A,FALSE,691,n03868863
903,oxygen_mask,1,2,A,FALSE,691,n03868863
904,oxygen_mask,1,3,A,FALSE,691,n03868863
905,oxygen_mask,1,4,A,FALSE,691,n03868863
906,kimono,1,1,A,FALSE,614,n03617480
907,kimono,1,2,A,FALSE,614,n03617480
908,kimono,1,3,A,FALSE,614,n03617480
909,envelope,2,1,A,FALSE,549,n03291819
910,envelope,2,2,A,FALSE,549,n03291819
911,envelope,2,3,A,FALSE,549,n03291819
912,envelope,3,1,A,FALSE,549,n03291819
913,envelope,3,2,A,FALSE,549,n03291819
914,envelope,3,3,A,FALSE,549,n03291819
915,plate_rack,1,1,A,FALSE,729,n03961711
916,plate_rack,1,2,A,FALSE,729,n03961711
917,plate_rack,1,3,A,FALSE,729,n03961711
918,plate_rack,1,4,A,FALSE,729,n03961711
919,plate_rack,1,5,A,FALSE,729,n03961711
920,milk_can,1,1,A,FALSE,653,n03764736
921,milk_can,1,2,A,FALSE,653,n03764736
922,milk_can,1,3,A,FALSE,653,n03764736
923,milk_can,1,4,A,FALSE,653,n03764736
924,boardgame,2,1,A,FALSE,,n00502415
925,boardgame,2,2,A,FALSE,,n00502415
926,boardgame,2,3,A,FALSE,,n00502415
927,keys,1,1,A,FALSE,,n03615037
928,keys,1,2,A,FALSE,,n03615037
929,keys,1,3,A,FALSE,,n03615037
930,keys,1,4,A,FALSE,,n03615037
931,headphones,2,1,A,FALSE,,n03261776
932,headphones,2,2,A,FALSE,,n03261776
933,headphones,2,3,A,FALSE,,n03261776
934,wallet,2,1,A,FALSE,893,n04548362
935,wallet,2,2,A,FALSE,893,n04548362
936,wallet,2,3,A,FALSE,893,n04548362
937,wallet,2,4,A,FALSE,893,n04548362
938,sunglasses,2,1,A,FALSE,837,n04356056
939,sunglasses,2,2,A,FALSE,837,n04356056
940,sunglasses,2,3,A,FALSE,837,n04356056
941,sunglasses,2,4,A,FALSE,837,n04356056
942,water_bottle,1,1,A,FALSE,898,n04557648
943,water_bottle,1,2,A,FALSE,898,n04557648
944,water_bottle,1,3,A,FALSE,898,n04557648
945,laptop,2,1,A,FALSE,620,n03642806
946,laptop,2,2,A,FALSE,620,n03642806
947,laptop,2,3,A,FALSE,620,n03642806
948,laptop,2,4,A,FALSE,620,n03642806
949,laptop,2,5,N,FALSE,620,n03642806
950,laptop,2,6,N,FALSE,620,n03642806
951,backpack,2,1,A,FALSE,414,n02769748
952,backpack,2,2,A,FALSE,414,n02769748
953,backpack,2,3,A,FALSE,414,n02769748
954,backpack,2,4,A,FALSE,414,n02769748
955,envelope,4,1,A,FALSE,549,n03291819
956,envelope,4,2,A,FALSE,549,n03291819
957,envelope,4,3,A,FALSE,549,n03291819
958,leather_jacket,1,1,A,FALSE,,n14759722
959,leather_jacket,1,2,A,FALSE,,n14759722
960,leather_jacket,1,3,A,FALSE,,n14759722
961,leather_jacket,1,4,A,FALSE,,n14759722
962,roller_skate,2,1,A,FALSE,,n04102618
963,roller_skate,2,2,A,FALSE,,n04102618
964,roller_skate,2,3,A,FALSE,,n04102618
965,hearing_aid,1,1,A,FALSE,,n03506727
966,hearing_aid,1,2,A,FALSE,,n03506727
967,hearing_aid,1,3,A,FALSE,,n03506727
968,letter_opener,1,1,A,TRUE,623,n03658185
969,letter_opener,1,2,A,TRUE,623,n03658185
970,letter_opener,1,3,A,TRUE,623,n03658185
971,letter_opener,1,4,A,TRUE,623,n03658185
972,sarong,1,1,A,FALSE,775,n04136333
973,sarong,1,2,A,FALSE,775,n04136333
974,sarong,1,3,A,FALSE,775,n04136333
975,stethoscope,1,1,A,FALSE,823,n04317175
976,stethoscope,1,2,A,FALSE,823,n04317175
977,stethoscope,1,3,A,FALSE,823,n04317175
978,stethoscope,1,4,A,FALSE,823,n04317175
979,stethoscope,1,5,A,FALSE,823,n04317175
980,stethoscope,1,6,A,FALSE,823,n04317175
981,feather_boa,1,1,A,FALSE,552,n03325584
982,feather_boa,1,2,A,FALSE,552,n03325584
983,feather_boa,1,3,A,FALSE,552,n03325584
984,laser_pointer,1,1,A,TRUE,,n03643253
985,laser_pointer,1,2,A,TRUE,,n03643253
986,laser_pointer,1,3,A,TRUE,,n03643253
987,paint_can,1,1,A,FALSE,,n02946921
988,paint_can,1,2,A,FALSE,,n02946921
989,paint_can,1,3,A,FALSE,,n02946921
990,power_drill,3,1,A,TRUE,740,n03995372
991,power_drill,3,2,A,TRUE,740,n03995372
992,power_drill,3,3,A,TRUE,740,n03995372
993,power_drill,3,4,A,TRUE,740,n03995372
994,power_drill,3,5,N,TRUE,740,n03995372
995,piggy_bank,1,1,A,FALSE,719,n03935335
996,piggy_bank,1,2,A,FALSE,719,n03935335
997,piggy_bank,1,3,A,FALSE,719,n03935335
998,cable,3,1,A,FALSE,,n02934168
999,cable,3,2,A,FALSE,,n02934168
1000,cable,3,3,A,FALSE,,n02934168
1001,sombrero,1,1,A,FALSE,808,n04259630
1002,sombrero,1,2,A,FALSE,808,n04259630
1003,sombrero,1,3,A,FALSE,808,n04259630
1004,rugby_ball,1,1,A,FALSE,768,n04118538
1005,rugby_ball,1,2,A,FALSE,768,n04118538
1006,rugby_ball,1,3,A,FALSE,768,n04118538
1007,top_hat,1,1,A,FALSE,,n03237416
1008,top_hat,1,2,A,FALSE,,n03237416
1009,top_hat,1,3,A,FALSE,,n03237416
1010,denture,1,1,A,FALSE,,n03176386
1011,denture,1,2,A,FALSE,,n03176386
1012,denture,1,3,A,FALSE,,n03176386
1013,empty,7,1,A,,,
1014,empty,7,2,A,,,
1015,empty,7,3,A,,,
1016,rule,1,1,A,FALSE,769,n04118776
1017,rule,1,2,A,FALSE,769,n04118776
1018,rule,1,3,A,FALSE,769,n04118776
1019,rule,2,1,A,FALSE,769,n04118776
1020,rule,2,2,A,FALSE,769,n04118776
1021,rule,2,3,A,FALSE,769,n04118776
1022,tracksuit,1,1,A,FALSE,,n04370774
1023,tracksuit,1,2,A,FALSE,,n04370774
1024,tracksuit,1,3,A,FALSE,,n04370774
1025,tracksuit,1,4,A,FALSE,,n04370774
1026,diaper,1,1,A,FALSE,529,n03188531
1027,diaper,1,2,A,FALSE,529,n03188531
1028,diaper,1,3,A,FALSE,529,n03188531
1029,waffle_iron,1,1,A,FALSE,891,n04542943
1030,waffle_iron,1,2,A,FALSE,891,n04542943
1031,waffle_iron,1,3,A,FALSE,891,n04542943
1032,waffle_iron,1,4,A,FALSE,891,n04542943
1033,baby_monitor,1,1,A,FALSE,,
1034,baby_monitor,1,2,A,FALSE,,
1035,baby_monitor,1,3,A,FALSE,,
1036,combination_lock,1,1,A,FALSE,507,n03075370
1037,combination_lock,1,2,A,FALSE,507,n03075370
1038,combination_lock,1,3,A,FALSE,507,n03075370
1039,combination_lock,1,4,A,FALSE,507,n03075370
1040,screwdriver,4,1,A,TRUE,784,n04154565
1041,screwdriver,4,2,A,TRUE,784,n04154565
1042,screwdriver,4,3,A,TRUE,784,n04154565
1043,screwdriver,5,1,A,TRUE,784,n04154565
1044,screwdriver,5,2,A,TRUE,784,n04154565
1045,screwdriver,5,3,A,TRUE,784,n04154565
1046,screwdriver,6,1,A,TRUE,784,n04154565
1047,screwdriver,6,2,A,TRUE,784,n04154565
1048,screwdriver,6,3,A,TRUE,784,n04154565
1049,screw,1,1,A,TRUE,783,n04153751
1050,screw,1,2,A,TRUE,783,n04153751
1051,screw,1,3,A,TRUE,783,n04153751
1052,screw,2,1,A,TRUE,783,n04153751
1053,screw,2,2,A,TRUE,783,n04153751
1054,screw,2,3,A,TRUE,783,n04153751
1055,screw,3,1,A,TRUE,783,n04153751
1056,screw,3,2,A,TRUE,783,n04153751
1057,screw,3,3,A,TRUE,783,n04153751
1058,screw,4,1,A,TRUE,783,n04153751
1059,screw,4,2,A,TRUE,783,n04153751
1060,screw,4,3,A,TRUE,783,n04153751
1061,shawl,1,1,A,FALSE,,n04186455
1062,shawl,1,2,A,FALSE,,n04186455
1063,shawl,1,3,A,FALSE,,n04186455
1064,shawl,2,1,A,FALSE,,n04186455
1065,shawl,2,2,A,FALSE,,n04186455
1066,shawl,2,3,A,FALSE,,n04186455
1067,hook,1,1,A,TRUE,600,n03532672
1068,hook,1,2,A,TRUE,600,n03532672
1069,hook,1,3,A,TRUE,600,n03532672
1070,hook,2,1,A,TRUE,600,n03532672
1071,hook,2,2,A,TRUE,600,n03532672
1072,hook,2,3,A,TRUE,600,n03532672
1073,toothbrush,1,1,A,FALSE,,n04453156
1074,toothbrush,1,2,A,FALSE,,n04453156
1075,toothbrush,1,3,A,FALSE,,n04453156
1076,toothbrush,1,4,A,FALSE,,n04453156
1077,stopwatch,1,1,A,FALSE,826,n04328186
1078,stopwatch,1,2,A,FALSE,826,n04328186
1079,stopwatch,1,3,A,FALSE,826,n04328186
1080,stopwatch,1,4,A,FALSE,826,n04328186
1081,toner_cartridge,1,1,A,FALSE,,n03571706
1082,toner_cartridge,1,2,A,FALSE,,n03571706
1083,toner_cartridge,1,3,A,FALSE,,n03571706
1084,toner_cartridge,1,4,A,FALSE,,n03571706
1085,pliers,1,1,A,FALSE,,n03966976
1086,pliers,1,2,A,FALSE,,n03966976
1087,pliers,1,3,A,FALSE,,n03966976
1088,pliers,1,4,A,FALSE,,n03966976
1089,power_supply,1,1,A,FALSE,,n04471315
1090,power_supply,1,2,A,FALSE,,n04471315
1091,power_supply,1,3,A,FALSE,,n04471315
1092,power_supply,1,4,A,FALSE,,n04471315
1093,power_supply,1,5,A,FALSE,,n04471315
1094,sweatshirt,1,1,A,FALSE,841,n04370456
1095,sweatshirt,1,2,A,FALSE,841,n04370456
1096,sweatshirt,1,3,A,FALSE,841,n04370456
1097,dagger,1,1,A,TRUE,,n03158885
1098,dagger,1,2,A,TRUE,,n03158885
1099,dagger,1,3,A,TRUE,,n03158885
1100,dagger,1,4,A,TRUE,,n03158885
1101,dagger,1,5,A,TRUE,,n03158885
1102,tripod,1,1,A,FALSE,872,n04485082
1103,tripod,1,2,A,FALSE,872,n04485082
1104,tripod,1,3,A,FALSE,872,n04485082
1105,tripod,1,4,N,FALSE,872,n04485082
1106,tripod,1,5,N,FALSE,872,n04485082
1107,spectacles,1,1,A,FALSE,,n04272054
1108,spectacles,1,2,A,FALSE,,n04272054
1109,spectacles,1,3,A,FALSE,,n04272054
1110,spectacles,1,4,A,FALSE,,n04272054
1111,spectacles,1,5,A,FALSE,,n04272054
1112,spectacles,1,6,A,FALSE,,n04272054
1113,spectacles,1,7,A,FALSE,,n04272054
1114,multimeter,1,1,A,FALSE,,n04541320
1115,multimeter,1,2,A,FALSE,,n04541320
1116,multimeter,1,3,A,FALSE,,n04541320
1117,multimeter,1,4,A,FALSE,,n04541320
1118,multimeter,1,5,A,FALSE,,n04541320
1119,spirit_level,1,1,A,FALSE,,n03658858
1120,spirit_level,1,2,A,FALSE,,n03658858
1121,spirit_level,1,3,A,FALSE,,n03658858
1122,telescope,1,1,A,FALSE,,n04403638
1123,telescope,1,2,A,FALSE,,n04403638
1124,telescope,1,3,A,FALSE,,n04403638
1125,telescope,1,4,N,FALSE,,n04403638
1126,ukulele,1,1,A,FALSE,,n04506289
1127,ukulele,1,2,A,FALSE,,n04506289
1128,ukulele,1,3,A,FALSE,,n04506289
1129,ukulele,1,4,N,FALSE,,n04506289
1130,microphone,1,1,A,FALSE,650,n03759954
1131,microphone,1,2,A,FALSE,650,n03759954
1132,microphone,1,3,A,FALSE,650,n03759954
1133,reflex_camera,1,1,A,FALSE,759,n04069434
1134,reflex_camera,1,2,A,FALSE,759,n04069434
1135,reflex_camera,1,3,A,FALSE,759,n04069434
1136,reflex_camera,1,4,A,FALSE,759,n04069434
1137,reflex_camera,1,5,N,FALSE,759,n04069434
1138,lens_cap,1,1,A,FALSE,622,n03657121
1139,lens_cap,1,2,A,FALSE,622,n03657121
1140,lens_cap,1,3,A,FALSE,622,n03657121
1141,lens_cap,2,1,A,FALSE,622,n03657121
1142,lens_cap,2,2,A,FALSE,622,n03657121
1143,lens_cap,2,3,A,FALSE,622,n03657121
1144,lens,1,1,A,FALSE,,n02943241
1145,lens,1,2,A,FALSE,,n02943241
1146,lens,1,3,A,FALSE,,n02943241
1147,lens,1,4,A,FALSE,,n02943241
1148,lens,1,5,A,FALSE,,n02943241
1149,lens,1,6,N,FALSE,,n02943241
1150,lens,2,1,A,FALSE,,n02943241
1151,lens,2,2,A,FALSE,,n02943241
1152,lens,2,3,A,FALSE,,n02943241
1153,lens,2,4,A,FALSE,,n02943241
1154,lens,2,5,N,FALSE,,n02943241
1155,saw,1,1,A,TRUE,,n04140064
1156,saw,1,2,A,TRUE,,n04140064
1157,saw,1,3,A,TRUE,,n04140064
1158,staple_gun,1,1,A,TRUE,,n04303357
1159,staple_gun,1,2,A,TRUE,,n04303357
1160,staple_gun,1,3,A,TRUE,,n04303357
1161,padlock,1,1,A,FALSE,695,n03874599
1162,padlock,1,2,A,FALSE,695,n03874599
1163,padlock,1,3,A,FALSE,695,n03874599
1164,padlock,1,4,A,FALSE,695,n03874599
1165,strainer,1,1,A,FALSE,828,n04332243
1166,strainer,1,2,A,FALSE,828,n04332243
1167,strainer,1,3,A,FALSE,828,n04332243
1168,strainer,1,4,A,FALSE,828,n04332243
1169,wrench,1,1,A,FALSE,,n04606574
1170,wrench,1,2,A,FALSE,,n04606574
1171,wrench,1,3,A,FALSE,,n04606574
1172,wrench,1,4,A,FALSE,,n04606574
1173,analog_watch,3,1,A,FALSE,,n02708433
1174,analog_watch,3,2,A,FALSE,,n02708433
1175,analog_watch,3,3,A,FALSE,,n02708433
1176,glue_gun,1,1,A,FALSE,,
1177,glue_gun,1,2,A,FALSE,,
1178,glue_gun,1,3,A,FALSE,,
1179,glue_gun,1,4,A,FALSE,,
1180,caliper,1,1,A,FALSE,,n02939866
1181,caliper,1,2,A,FALSE,,n02939866
1182,caliper,1,3,A,FALSE,,n02939866
1183,caliper,1,4,A,FALSE,,n02939866
1184,caliper,1,5,A,FALSE,,n02939866
1185,Polaroid_camera,1,1,A,FALSE,732,n03976467
1186,Polaroid_camera,1,2,A,FALSE,732,n03976467
1187,Polaroid_camera,1,3,A,FALSE,732,n03976467
1188,Polaroid_camera,1,4,A,FALSE,732,n03976467
1189,Polaroid_camera,1,5,A,FALSE,732,n03976467
1190,Polaroid_camera,1,6,A,FALSE,732,n03976467
1191,clarinet,1,1,A,FALSE,,n03037709
1192,clarinet,1,2,A,FALSE,,n03037709
1193,clarinet,1,3,A,FALSE,,n03037709
1194,clarinet,1,4,A,FALSE,,n03037709
1195,clarinet,1,5,A,FALSE,,n03037709
1196,clarinet,1,6,N,FALSE,,n03037709
1197,clarinet,1,7,N,FALSE,,n03037709
1198,flute,1,1,A,FALSE,558,n03372029
1199,flute,1,2,A,FALSE,558,n03372029
1200,flute,1,3,A,FALSE,558,n03372029
1201,flute,1,4,A,FALSE,558,n03372029
1202,flute,1,5,N,FALSE,558,n03372029
1203,flute,1,6,N,FALSE,558,n03372029
1204,recorder,1,1,A,FALSE,,n03343354
1205,recorder,1,2,A,FALSE,,n03343354
1206,recorder,1,3,A,FALSE,,n03343354
1207,recorder,1,4,A,FALSE,,n03343354
1208,pick,1,1,A,FALSE,714,n03929660
1209,pick,1,2,A,FALSE,714,n03929660
1210,pick,1,3,A,FALSE,714,n03929660
1211,pick,2,1,A,FALSE,714,n03929660
1212,pick,2,2,A,FALSE,714,n03929660
1213,pick,2,3,A,FALSE,714,n03929660
1214,pick,3,1,A,FALSE,714,n03929660
1215,pick,3,2,A,FALSE,714,n03929660
1216,pick,3,3,A,FALSE,714,n03929660
1217,strings,1,1,A,FALSE,,n04338143
1218,strings,1,2,A,FALSE,,n04338143
1219,strings,1,3,A,FALSE,,n04338143
1220,strings,2,1,A,FALSE,,n04338143
1221,strings,2,2,A,FALSE,,n04338143
1222,strings,2,3,A,FALSE,,n04338143
1223,slide,1,1,A,FALSE,,
1224,slide,1,2,A,FALSE,,
1225,slide,1,3,A,FALSE,,
1226,slide,2,1,A,FALSE,,
1227,slide,2,2,A,FALSE,,
1228,slide,2,3,A,FALSE,,
1229,capo,1,1,A,FALSE,,
1230,capo,1,2,A,FALSE,,
1231,capo,1,3,A,FALSE,,
1232,capo,1,4,A,FALSE,,
1233,tuner,1,1,A,FALSE,,
1234,tuner,1,2,A,FALSE,,
1235,tuner,1,3,A,FALSE,,
1236,tuner,1,4,A,FALSE,,
1237,torch,2,1,A,FALSE,862,n04456115
1238,torch,2,2,A,FALSE,862,n04456115
1239,torch,2,3,A,FALSE,862,n04456115
1240,torch,2,4,A,FALSE,862,n04456115
1241,torch,3,1,A,FALSE,862,n04456115
1242,torch,3,2,A,FALSE,862,n04456115
1243,torch,3,3,A,FALSE,862,n04456115
1244,torch,3,4,A,FALSE,862,n04456115
1245,goggles,1,1,A,FALSE,,n03443912
1246,goggles,1,2,A,FALSE,,n03443912
1247,goggles,1,3,A,FALSE,,n03443912
1248,goggles,1,4,A,FALSE,,n03443912
1249,hard_disc,1,1,A,FALSE,592,n03492542
1250,hard_disc,1,2,A,FALSE,592,n03492542
1251,hard_disc,1,3,A,FALSE,592,n03492542
1252,hard_disc,1,4,A,FALSE,592,n03492542
1253,hard_disc,2,1,A,FALSE,592,n03492542
1254,hard_disc,2,2,A,FALSE,592,n03492542
1255,hard_disc,2,3,A,FALSE,592,n03492542
1256,rubik_cube,2,1,A,FALSE,,
1257,rubik_cube,2,2,A,FALSE,,
1258,rubik_cube,2,3,A,FALSE,,
1259,microphone,2,1,A,FALSE,650,n03759954
1260,microphone,2,2,A,FALSE,650,n03759954
1261,microphone,2,3,A,FALSE,650,n03759954
1262,microphone,2,4,A,FALSE,650,n03759954
1263,charger,2,1,A,FALSE,,n03008976
1264,charger,2,2,A,FALSE,,n03008976
1265,charger,2,3,A,FALSE,,n03008976
1266,charger,3,1,A,FALSE,,n03008976
1267,charger,3,2,A,FALSE,,n03008976
1268,charger,3,3,A,FALSE,,n03008976
1269,charger,3,4,A,FALSE,,n03008976
1270,shaver,1,1,A,FALSE,,n04185804
1271,shaver,1,2,A,FALSE,,n04185804
1272,shaver,1,3,A,FALSE,,n04185804
1273,shaver,1,4,A,FALSE,,n04185804
1274,laser_pointer,2,1,A,TRUE,,n03643253
1275,laser_pointer,2,2,A,TRUE,,n03643253
1276,laser_pointer,2,3,A,TRUE,,n03643253
1277,digital_watch,1,1,A,FALSE,531,n03197337
1278,digital_watch,1,2,A,FALSE,531,n03197337
1279,digital_watch,1,3,A,FALSE,531,n03197337
1280,digital_watch,1,4,A,FALSE,531,n03197337
1281,hand_blower,1,1,A,FALSE,589,n03483316
1282,hand_blower,1,2,A,FALSE,589,n03483316
1283,hand_blower,1,3,A,FALSE,589,n03483316
1284,gas_canister,1,1,A,TRUE,,n14842226
1285,gas_canister,1,2,A,TRUE,,n14842226
1286,gas_canister,1,3,A,TRUE,,n14842226
1287,gas_canister,1,4,N,TRUE,,n14842226
1288,skipping_rope,1,1,A,FALSE,,n03605233
1289,skipping_rope,1,2,A,FALSE,,n03605233
1290,skipping_rope,1,3,A,FALSE,,n03605233
1291,skipping_rope,1,4,A,FALSE,,n03605233
1292,binoculars,2,1,A,FALSE,447,n02841315
1293,binoculars,2,2,A,FALSE,447,n02841315
1294,binoculars,2,3,A,FALSE,447,n02841315
1295,binoculars,2,4,A,FALSE,447,n02841315
1296,binoculars,2,5,A,FALSE,447,n02841315
1297,binoculars,2,6,A,FALSE,447,n02841315
1298,binoculars,2,7,A,FALSE,447,n02841315
1299,bicycle_helmet,1,1,A,FALSE,,n03127747
1300,bicycle_helmet,1,2,A,FALSE,,n03127747
1301,bicycle_helmet,1,3,A,FALSE,,n03127747
1302,whetstone,1,1,A,FALSE,,n04577426
1303,whetstone,1,2,A,FALSE,,n04577426
1304,whetstone,1,3,A,FALSE,,n04577426
1305,whetstone,1,4,A,FALSE,,n04577426
1306,whetstone,1,5,A,FALSE,,n04577426
1307,rasp,1,1,A,FALSE,,n04054670
1308,rasp,1,2,A,FALSE,,n04054670
1309,rasp,1,3,A,FALSE,,n04054670
1310,baseball_cap,1,1,A,FALSE,,n02799323
1311,baseball_cap,1,2,A,FALSE,,n02799323
1312,baseball_cap,1,3,A,FALSE,,n02799323
1313,baseball_cap,2,1,A,FALSE,,n02799323
1314,baseball_cap,2,2,A,FALSE,,n02799323
1315,baseball_cap,2,3,A,FALSE,,n02799323
1316,frisbee,1,1,A,FALSE,,n03397947
1317,frisbee,1,2,A,FALSE,,n03397947
1318,frisbee,1,3,A,FALSE,,n03397947
1319,frisbee,2,1,A,FALSE,,n03397947
1320,frisbee,2,2,A,FALSE,,n03397947
1321,frisbee,2,3,A,FALSE,,n03397947
1322,thermals,1,1,A,FALSE,,n03688192
1323,thermals,1,2,A,FALSE,,n03688192
1324,thermals,1,3,A,FALSE,,n03688192
1325,thermals,2,1,A,FALSE,,n03688192
1326,thermals,2,2,A,FALSE,,n03688192
1327,thermals,2,3,A,FALSE,,n03688192
1328,thermals,2,4,A,FALSE,,n03688192
1329,wok,1,1,A,FALSE,909,n04596742
1330,wok,1,2,A,FALSE,909,n04596742
1331,wok,1,3,A,FALSE,909,n04596742
1332,amplifier,1,1,A,FALSE,,n02705944
1333,amplifier,1,2,A,FALSE,,n02705944
1334,amplifier,1,3,A,FALSE,,n02705944
1335,amplifier,1,4,N,FALSE,,n02705944
1336,first_aid_kit,1,1,A,FALSE,,
1337,first_aid_kit,1,2,A,FALSE,,
1338,first_aid_kit,1,3,A,FALSE,,
1339,first_aid_kit,2,1,A,FALSE,,
1340,first_aid_kit,2,2,A,FALSE,,
1341,first_aid_kit,2,3,A,FALSE,,
1342,cocktail_shaker,1,1,A,FALSE,503,n03062245
1343,cocktail_shaker,1,2,A,FALSE,503,n03062245
1344,cocktail_shaker,1,3,A,FALSE,503,n03062245
1345,cocktail_shaker,1,4,A,FALSE,503,n03062245
1346,strainer,2,1,A,FALSE,828,n04332243
1347,strainer,2,2,A,FALSE,828,n04332243
1348,strainer,2,3,A,FALSE,828,n04332243
1349,mosquito_net,1,1,A,FALSE,669,n03788365
1350,mosquito_net,1,2,A,FALSE,669,n03788365
1351,mosquito_net,1,3,A,FALSE,669,n03788365
1352,mixing_bowl,1,1,A,FALSE,659,n03775546
1353,mixing_bowl,1,2,A,FALSE,659,n03775546
1354,mixing_bowl,1,3,A,FALSE,659,n03775546
1355,mouse,2,1,A,FALSE,673,n03793489
1356,mouse,2,2,A,FALSE,673,n03793489
1357,mouse,2,3,A,FALSE,673,n03793489
1358,spatula,2,1,A,FALSE,813,n04270147
1359,spatula,2,2,A,FALSE,813,n04270147
1360,spatula,2,3,A,FALSE,813,n04270147
1361,headphones,3,1,A,FALSE,,n03261776
1362,headphones,3,2,A,FALSE,,n03261776
1363,headphones,3,3,A,FALSE,,n03261776
1364,headphones,3,4,A,FALSE,,n03261776
1365,cards,2,1,A,FALSE,,n02962545
1366,cards,2,2,A,FALSE,,n02962545
1367,cards,2,3,A,FALSE,,n02962545
1368,cards,2,4,A,FALSE,,n02962545
1369,cowboy_hat,1,1,A,FALSE,515,n03124170
1370,cowboy_hat,1,2,A,FALSE,515,n03124170
1371,cowboy_hat,1,3,A,FALSE,515,n03124170
1372,abacus,1,1,A,FALSE,398,n02666196
1373,abacus,1,2,A,FALSE,398,n02666196
1374,abacus,1,3,A,FALSE,398,n02666196
1375,abacus,1,4,A,FALSE,398,n02666196
1376,quill,1,1,A,FALSE,749,n04033901
1377,quill,1,2,A,FALSE,749,n04033901
1378,quill,1,3,A,FALSE,749,n04033901
1379,ipad,2,1,A,FALSE,,n03985232
1380,ipad,2,2,A,FALSE,,n03985232
1381,ipad,2,3,A,FALSE,,n03985232
1382,ipad,2,4,A,FALSE,,n03985232
1383,ski_mask,1,1,A,FALSE,796,n04229816
1384,ski_mask,1,2,A,FALSE,796,n04229816
1385,ski_mask,1,3,A,FALSE,796,n04229816
1386,ski_mask,1,4,A,FALSE,796,n04229816
1387,prayer_rug,1,1,A,FALSE,741,n03998194
1388,prayer_rug,1,2,A,FALSE,741,n03998194
1389,prayer_rug,1,3,A,FALSE,741,n03998194
1390,prayer_rug,1,4,A,FALSE,741,n03998194
1391,combination_lock,2,1,A,FALSE,507,n03075370
1392,combination_lock,2,2,A,FALSE,507,n03075370
1393,combination_lock,2,3,A,FALSE,507,n03075370
1394,combination_lock,2,4,A,FALSE,507,n03075370
1395,mosquito_net,2,1,A,FALSE,669,n03788365
1396,mosquito_net,2,2,A,FALSE,669,n03788365
1397,mosquito_net,2,3,A,FALSE,669,n03788365
1398,pencil_sharpener,1,1,A,FALSE,710,n03908714
1399,pencil_sharpener,1,2,A,FALSE,710,n03908714
1400,pencil_sharpener,1,3,A,FALSE,710,n03908714
1401,hourglass,1,1,A,FALSE,604,n03544143
1402,hourglass,1,2,A,FALSE,604,n03544143
1403,hourglass,1,3,A,FALSE,604,n03544143
1404,hourglass,1,4,A,FALSE,604,n03544143
1405,beer_glass,1,1,A,FALSE,441,n02823750
1406,beer_glass,1,2,A,FALSE,441,n02823750
1407,beer_glass,1,3,A,FALSE,441,n02823750
1408,beer_glass,1,4,A,FALSE,441,n02823750
1409,pot,1,1,A,FALSE,738,n03991062
1410,pot,1,2,A,FALSE,738,n03991062
1411,pot,1,3,A,FALSE,738,n03991062
1412,pot,1,4,A,FALSE,738,n03991062
1413,mortar,1,1,A,FALSE,666,n03786901
1414,mortar,1,2,A,FALSE,666,n03786901
1415,mortar,1,3,A,FALSE,666,n03786901
1416,mortar,1,4,A,FALSE,666,n03786901
1417,baking_dish,1,1,A,FALSE,,n03862984
1418,baking_dish,1,2,A,FALSE,,n03862984
1419,baking_dish,1,3,A,FALSE,,n03862984
1420,rubber_gloves,1,1,A,FALSE,,
1421,rubber_gloves,1,2,A,FALSE,,
1422,rubber_gloves,1,3,A,FALSE,,
1423,rubber_gloves,1,4,A,FALSE,,
1424,salad_bowl,1,1,A,FALSE,,n04130257
1425,salad_bowl,1,2,A,FALSE,,n04130257
1426,salad_bowl,1,3,A,FALSE,,n04130257
1427,salad_bowl,2,1,A,FALSE,,n04130257
1428,salad_bowl,2,2,A,FALSE,,n04130257
1429,salad_bowl,2,3,A,FALSE,,n04130257
1430,thermos,1,1,A,FALSE,,n04422727
1431,thermos,1,2,A,FALSE,,n04422727
1432,thermos,1,3,A,FALSE,,n04422727
1433,thermos,2,1,A,FALSE,,n04422727
1434,thermos,2,2,A,FALSE,,n04422727
1435,thermos,2,3,A,FALSE,,n04422727
1436,thermos,2,4,A,FALSE,,n04422727
1437,magnetic_compass,1,1,A,FALSE,635,n03706229
1438,magnetic_compass,1,2,A,FALSE,635,n03706229
1439,magnetic_compass,1,3,A,FALSE,635,n03706229
1440,magnetic_compass,1,4,A,FALSE,635,n03706229
1441,saltshaker,1,1,A,FALSE,773,n04131690
1442,saltshaker,1,2,A,FALSE,773,n04131690
1443,saltshaker,1,3,A,FALSE,773,n04131690
1444,microphone,3,1,A,FALSE,650,n03759954
1445,microphone,3,2,A,FALSE,650,n03759954
1446,microphone,3,3,A,FALSE,650,n03759954
1447,microphone,3,4,A,FALSE,650,n03759954
1448,tea_towel,1,1,A,FALSE,,n03207835
1449,tea_towel,1,2,A,FALSE,,n03207835
1450,tea_towel,1,3,A,FALSE,,n03207835
1451,baseball_bat,1,1,A,TRUE,,n02799175
1452,baseball_bat,1,2,A,TRUE,,n02799175
1453,baseball_bat,1,3,A,TRUE,,n02799175
1454,hatchet,1,1,A,TRUE,596,n03498962
1455,hatchet,1,2,A,TRUE,596,n03498962
1456,hatchet,1,3,A,TRUE,596,n03498962
1457,hatchet,1,4,A,TRUE,596,n03498962
1458,crowbar,1,1,A,TRUE,,n03138344
1459,crowbar,1,2,A,TRUE,,n03138344
1460,crowbar,1,3,A,TRUE,,n03138344
1461,crowbar,1,4,A,TRUE,,n03138344
1462,crowbar,2,1,A,TRUE,,n03138344
1463,crowbar,2,2,A,TRUE,,n03138344
1464,crowbar,2,3,A,TRUE,,n03138344
1465,crowbar,2,4,A,TRUE,,n03138344
1466,crowbar,2,5,A,TRUE,,n03138344
1467,saw,2,1,A,TRUE,,n04140064
1468,saw,2,2,A,TRUE,,n04140064
1469,saw,2,3,A,TRUE,,n04140064
1470,saw,2,4,A,TRUE,,n04140064
1471,saw,2,5,A,TRUE,,n04140064
1472,hacksaw,1,1,A,TRUE,,n03474779
1473,hacksaw,1,2,A,TRUE,,n03474779
1474,hacksaw,1,3,A,TRUE,,n03474779
1475,hacksaw,1,4,A,TRUE,,n03474779
1476,hacksaw,2,1,A,TRUE,,n03474779
1477,hacksaw,2,2,A,TRUE,,n03474779
1478,hacksaw,2,3,A,TRUE,,n03474779
1479,hacksaw,2,4,A,TRUE,,n03474779
1480,hammer,2,1,A,TRUE,587,n03481172
1481,hammer,2,2,A,TRUE,587,n03481172
1482,hammer,2,3,A,TRUE,587,n03481172
1483,hammer,2,4,A,TRUE,587,n03481172
1484,chisel,1,1,A,TRUE,,n03020692
1485,chisel,1,2,A,TRUE,,n03020692
1486,chisel,1,3,A,TRUE,,n03020692
1487,chisel,1,4,A,TRUE,,n03020692
1488,chisel,2,1,A,TRUE,,n03020692
1489,chisel,2,2,A,TRUE,,n03020692
1490,chisel,2,3,A,TRUE,,n03020692
1491,chisel,2,4,A,TRUE,,n03020692
1492,pickaxe,1,1,A,TRUE,,n03929202
1493,pickaxe,1,2,A,TRUE,,n03929202
1494,pickaxe,1,3,A,TRUE,,n03929202
1495,pickaxe,1,4,A,TRUE,,n03929202
1496,lighter,2,1,A,TRUE,626,n03666591
1497,lighter,2,2,A,TRUE,626,n03666591
1498,lighter,2,3,A,TRUE,626,n03666591
1499,lighter,2,4,A,TRUE,626,n03666591
1500,lighter,3,1,A,TRUE,626,n03666591
1501,lighter,3,2,A,TRUE,626,n03666591
1502,lighter,3,3,A,TRUE,626,n03666591
1503,lighter,3,4,A,TRUE,626,n03666591
1504,scissors,3,1,A,TRUE,,n04148054
1505,scissors,3,2,A,TRUE,,n04148054
1506,scissors,3,3,A,TRUE,,n04148054
1507,scissors,3,4,A,TRUE,,n04148054
1508,scissors,3,5,A,TRUE,,n04148054
1509,scissors,3,6,A,TRUE,,n04148054
1510,teapot,1,1,A,FALSE,849,n04398044
1511,teapot,1,2,A,FALSE,849,n04398044
1512,teapot,1,3,A,FALSE,849,n04398044
1513,teapot,1,4,A,FALSE,849,n04398044
1514,toaster,1,1,A,FALSE,859,n04442312
1515,toaster,1,2,A,FALSE,859,n04442312
1516,toaster,1,3,A,FALSE,859,n04442312
1517,toaster,1,4,A,FALSE,859,n04442312
1518,camcorder,1,1,A,FALSE,,n02942349
1519,camcorder,1,2,A,FALSE,,n02942349
1520,camcorder,1,3,A,FALSE,,n02942349
1521,camcorder,1,4,A,FALSE,,n02942349
1522,camcorder,1,5,A,FALSE,,n02942349
1523,book_jacket,1,1,A,FALSE,921,n07248320
1524,book_jacket,1,2,A,FALSE,921,n07248320
1525,book_jacket,1,3,A,FALSE,921,n07248320
1526,bumbag,1,1,A,FALSE,,n03321563
1527,bumbag,1,2,A,FALSE,,n03321563
1528,bumbag,1,3,A,FALSE,,n03321563
1529,bumbag,1,4,A,FALSE,,n03321563
1530,bumbag,2,1,A,FALSE,,n03321563
1531,bumbag,2,2,A,FALSE,,n03321563
1532,bumbag,2,3,A,FALSE,,n03321563
1533,bumbag,2,4,A,FALSE,,n03321563
1534,shovel,1,1,A,FALSE,792,n04208210
1535,shovel,1,2,A,FALSE,792,n04208210
1536,shovel,1,3,A,FALSE,792,n04208210
1537,shovel,1,4,A,FALSE,792,n04208210
1538,shovel,1,5,A,FALSE,792,n04208210
1539,waffle_iron,2,1,A,FALSE,891,n04542943
1540,waffle_iron,2,2,A,FALSE,891,n04542943
1541,waffle_iron,2,3,A,FALSE,891,n04542943
1542,waffle_iron,2,4,A,FALSE,891,n04542943
1543,waffle_iron,2,5,A,FALSE,891,n04542943
1544,solder,1,1,A,FALSE,,n14718822
1545,solder,1,2,A,FALSE,,n14718822
1546,solder,1,3,A,FALSE,,n14718822
1547,solder,1,4,A,FALSE,,n14718822
1548,lab_coat,1,1,A,FALSE,617,n03630383
1549,lab_coat,1,2,A,FALSE,617,n03630383
1550,lab_coat,1,3,A,FALSE,617,n03630383
1551,headphones,4,1,A,FALSE,,n03261776
1552,headphones,4,2,A,FALSE,,n03261776
1553,headphones,4,3,A,FALSE,,n03261776
1554,headphones,4,4,A,FALSE,,n03261776
1555,hammer,3,1,A,TRUE,587,n03481172
1556,hammer,3,2,A,TRUE,587,n03481172
1557,hammer,3,3,A,TRUE,587,n03481172
1558,hammer,3,4,A,TRUE,587,n03481172
1559,frying_pan,2,1,A,FALSE,567,n03400231
1560,frying_pan,2,2,A,FALSE,567,n03400231
1561,frying_pan,2,3,A,FALSE,567,n03400231
1562,frying_pan,2,4,A,FALSE,567,n03400231
1563,cassette,2,1,A,FALSE,481,n02978881
1564,cassette,2,2,A,FALSE,481,n02978881
1565,cassette,2,3,A,FALSE,481,n02978881
1566,cassette,2,4,A,FALSE,481,n02978881
1567,cassette,2,5,A,FALSE,481,n02978881
1568,empty,8,1,A,,,
1569,empty,8,2,A,,,
1570,empty,8,3,A,,,
1571,empty,8,4,A,,,
1572,beer_glass,2,1,A,FALSE,441,n02823750
1573,beer_glass,2,2,A,FALSE,441,n02823750
1574,beer_glass,2,3,A,FALSE,441,n02823750
1575,beer_glass,2,4,A,FALSE,441,n02823750
1576,shirt,1,1,A,FALSE,,n04197391
1577,shirt,1,2,A,FALSE,,n04197391
1578,shirt,1,3,A,FALSE,,n04197391
1579,shirt,1,4,A,FALSE,,n04197391
1580,shirt,2,1,A,FALSE,,n04197391
1581,shirt,2,2,A,FALSE,,n04197391
1582,shirt,2,3,A,FALSE,,n04197391
1583,shirt,2,4,A,FALSE,,n04197391
1584,polo_shirt,1,1,A,FALSE,,n03978966
1585,polo_shirt,1,2,A,FALSE,,n03978966
1586,polo_shirt,1,3,A,FALSE,,n03978966
1587,polo_shirt,1,4,A,FALSE,,n03978966
1588,bib,1,1,A,FALSE,443,n02834397
1589,bib,1,2,A,FALSE,443,n02834397
1590,bib,1,3,A,FALSE,443,n02834397
1591,apron,1,1,A,FALSE,411,n02730930
1592,apron,1,2,A,FALSE,411,n02730930
1593,apron,1,3,A,FALSE,411,n02730930
1594,apron,1,4,A,FALSE,411,n02730930
1595,maillot_2,1,1,A,FALSE,639,n03710721
1596,maillot_2,1,2,A,FALSE,639,n03710721
1597,maillot_2,1,3,A,FALSE,639,n03710721
1598,maillot_2,1,4,A,FALSE,639,n03710721
1599,bib,2,1,A,FALSE,443,n02834397
1600,bib,2,2,A,FALSE,443,n02834397
1601,bib,2,3,A,FALSE,443,n02834397
1602,bib,2,4,A,FALSE,443,n02834397
1603,coffeepot,1,1,A,FALSE,505,n03063689
1604,coffeepot,1,2,A,FALSE,505,n03063689
1605,coffeepot,1,3,A,FALSE,505,n03063689
1606,coffeepot,1,4,A,FALSE,505,n03063689
1607,abaya,1,1,A,FALSE,399,n02667093
1608,abaya,1,2,A,FALSE,399,n02667093
1609,abaya,1,3,A,FALSE,399,n02667093
1610,abaya,1,4,A,FALSE,399,n02667093
1611,crossword_puzzle,1,1,A,FALSE,918,n06785654
1612,crossword_puzzle,1,2,A,FALSE,918,n06785654
1613,crossword_puzzle,1,3,A,FALSE,918,n06785654
1614,Band_Aid,1,1,A,FALSE,419,n02786058
1615,Band_Aid,1,2,A,FALSE,419,n02786058
1616,Band_Aid,1,3,A,FALSE,419,n02786058
1617,Band_Aid,1,4,A,FALSE,419,n02786058
1618,chain,1,1,A,FALSE,488,n02999410
1619,chain,1,2,A,FALSE,488,n02999410
1620,chain,1,3,A,FALSE,488,n02999410
1621,chain,1,4,A,FALSE,488,n02999410
1622,wrench,2,1,A,FALSE,,n04606574
1623,wrench,2,2,A,FALSE,,n04606574
1624,wrench,2,3,A,FALSE,,n04606574
1625,wrench,2,4,A,FALSE,,n04606574
1626,stapler,1,1,A,FALSE,,n04303497
1627,stapler,1,2,A,FALSE,,n04303497
1628,stapler,1,3,A,FALSE,,n04303497
1629,stapler,1,4,A,FALSE,,n04303497
1630,bird_feeder,1,1,A,FALSE,,n02843553
1631,bird_feeder,1,2,A,FALSE,,n02843553
1632,bird_feeder,1,3,A,FALSE,,n02843553
1633,gameboy,1,1,A,FALSE,,
1634,gameboy,1,2,A,FALSE,,
1635,gameboy,1,3,A,FALSE,,
1636,gameboy,1,4,A,FALSE,,
1637,gameboy,2,1,A,FALSE,,
1638,gameboy,2,2,A,FALSE,,
1639,gameboy,2,3,A,FALSE,,
1640,gameboy,2,4,A,FALSE,,
1641,gameboy,3,1,A,FALSE,,
1642,gameboy,3,2,A,FALSE,,
1643,gameboy,3,3,A,FALSE,,
1644,gameboy,3,4,A,FALSE,,
1645,gameboy,3,5,A,FALSE,,
1646,game_console,1,1,A,FALSE,,n00458890
1647,game_console,1,2,A,FALSE,,n00458890
1648,game_console,1,3,A,FALSE,,n00458890
1649,game_console,1,4,A,FALSE,,n00458890
1650,game_console,1,5,A,FALSE,,n00458890
1651,game_console,1,6,A,FALSE,,n00458890
1652,game_console,2,1,A,FALSE,,n00458890
1653,game_console,2,2,A,FALSE,,n00458890
1654,game_console,2,3,A,FALSE,,n00458890
1655,game_console,2,4,A,FALSE,,n00458890
1656,joystick,2,1,A,FALSE,613,n03602883
1657,joystick,2,2,A,FALSE,613,n03602883
1658,joystick,2,3,A,FALSE,613,n03602883
1659,joystick,2,4,A,FALSE,613,n03602883
1660,joystick,2,5,A,FALSE,613,n03602883
1661,joystick,3,1,A,FALSE,613,n03602883
1662,joystick,3,2,A,FALSE,613,n03602883
1663,joystick,3,3,A,FALSE,613,n03602883
1664,joystick,3,4,A,FALSE,613,n03602883
1665,joystick,3,5,A,FALSE,613,n03602883
1666,rice,1,1,A,FALSE,,n07804323
1667,rice,1,2,A,FALSE,,n07804323
1668,rice,1,3,A,FALSE,,n07804323
1669,rice,1,4,A,FALSE,,n07804323
1670,mousetrap,1,1,A,FALSE,674,n03794056
1671,mousetrap,1,2,A,FALSE,674,n03794056
1672,mousetrap,1,3,A,FALSE,674,n03794056
1673,mousetrap,1,4,A,FALSE,674,n03794056
1674,mousetrap,1,5,A,FALSE,674,n03794056
1675,gas_canister,2,1,A,TRUE,,n14842226
1676,gas_canister,2,2,A,TRUE,,n14842226
1677,gas_canister,2,3,A,TRUE,,n14842226
1678,gas_canister,2,4,A,TRUE,,n14842226
1679,gas_canister,2,5,A,TRUE,,n14842226
1680,wrist_guard,1,1,A,FALSE,,
1681,wrist_guard,1,2,A,FALSE,,
1682,wrist_guard,1,3,A,FALSE,,
1683,wrist_guard,1,4,A,FALSE,,
1684,wrist_guard,1,5,A,FALSE,,
1685,wrist_guard,1,6,A,FALSE,,
1686,cassette_player,1,1,A,FALSE,482,n02979186
1687,cassette_player,1,2,A,FALSE,482,n02979186
1688,cassette_player,1,3,A,FALSE,482,n02979186
1689,cassette_player,1,4,A,FALSE,482,n02979186
1690,cassette_player,1,5,A,FALSE,482,n02979186
1691,cassette_player,1,6,A,FALSE,482,n02979186
1692,music_stand,1,1,A,FALSE,,n03801760
1693,music_stand,1,2,A,FALSE,,n03801760
1694,music_stand,1,3,A,FALSE,,n03801760
1695,music_stand,1,4,N,FALSE,,n03801760
1696,bow_tie,1,1,A,FALSE,457,n02883205
1697,bow_tie,1,2,A,FALSE,457,n02883205
1698,bow_tie,1,3,A,FALSE,457,n02883205
1699,handkerchief,1,1,A,FALSE,591,n03485794
1700,handkerchief,1,2,A,FALSE,591,n03485794
1701,handkerchief,1,3,A,FALSE,591,n03485794
1702,jersey,1,1,A,FALSE,610,n03595614
1703,jersey,1,2,A,FALSE,610,n03595614
1704,jersey,1,3,A,FALSE,610,n03595614
1705,jersey,1,4,A,FALSE,610,n03595614
1706,jersey,2,1,A,FALSE,610,n03595614
1707,jersey,2,2,A,FALSE,610,n03595614
1708,jersey,2,3,A,FALSE,610,n03595614
1709,jersey,2,4,A,FALSE,610,n03595614
1710,jersey,3,1,A,FALSE,610,n03595614
1711,jersey,3,2,A,FALSE,610,n03595614
1712,jersey,3,3,A,FALSE,610,n03595614
1713,jersey,3,4,A,FALSE,610,n03595614
1714,shirt,3,1,A,FALSE,,n04197391
1715,shirt,3,2,A,FALSE,,n04197391
1716,shirt,3,3,A,FALSE,,n04197391
1717,shirt,3,4,A,FALSE,,n04197391
1718,polo_shirt,2,1,A,FALSE,,n03978966
1719,polo_shirt,2,2,A,FALSE,,n03978966
1720,polo_shirt,2,3,A,FALSE,,n03978966
1721,polo_shirt,2,4,A,FALSE,,n03978966
1722,polo_shirt,3,1,A,FALSE,,n03978966
1723,polo_shirt,3,2,A,FALSE,,n03978966
1724,polo_shirt,3,3,A,FALSE,,n03978966
1725,polo_shirt,3,4,A,FALSE,,n03978966
1726,snorkel,1,1,A,FALSE,801,n04251144
1727,snorkel,1,2,A,FALSE,801,n04251144
1728,snorkel,1,3,A,FALSE,801,n04251144
1729,snorkel,1,4,A,FALSE,801,n04251144
1730,snorkel,1,5,A,FALSE,801,n04251144
1731,snorkel,1,6,A,FALSE,801,n04251144
1732,snorkel,2,1,A,FALSE,801,n04251144
1733,snorkel,2,2,A,FALSE,801,n04251144
1734,snorkel,2,3,A,FALSE,801,n04251144
1735,snorkel,2,4,A,FALSE,801,n04251144
1736,snorkel,2,5,A,FALSE,801,n04251144
1737,snorkel,2,6,A,FALSE,801,n04251144
1738,syringe,2,1,A,FALSE,845,n04376876
1739,syringe,2,2,A,FALSE,845,n04376876
1740,syringe,2,3,A,FALSE,845,n04376876
1741,syringe,3,1,A,FALSE,845,n04376876
1742,syringe,3,2,A,FALSE,845,n04376876
1743,syringe,3,3,A,FALSE,845,n04376876
1744,espresso_maker,1,1,A,FALSE,550,n03297495
1745,espresso_maker,1,2,A,FALSE,550,n03297495
1746,espresso_maker,1,3,A,FALSE,550,n03297495
1747,espresso_maker,1,4,A,FALSE,550,n03297495
1748,espresso_maker,2,1,A,FALSE,550,n03297495
1749,espresso_maker,2,2,A,FALSE,550,n03297495
1750,espresso_maker,2,3,A,FALSE,550,n03297495
1751,espresso_maker,2,4,A,FALSE,550,n03297495
1752,nail,1,1,A,TRUE,677,n03804744
1753,nail,1,2,A,TRUE,677,n03804744
1754,nail,1,3,A,TRUE,677,n03804744
1755,nail,1,4,A,TRUE,677,n03804744
1756,tin_of_sweets,1,1,A,FALSE,,
1757,tin_of_sweets,1,2,A,FALSE,,
1758,tin_of_sweets,1,3,A,FALSE,,
1759,tin_of_sweets,1,4,A,FALSE,,
1760,wineglass,1,1,A,FALSE,,n04592099
1761,wineglass,1,2,A,FALSE,,n04592099
1762,wineglass,1,3,A,FALSE,,n04592099
1763,blowtorch,2,1,A,TRUE,,n02855390
1764,blowtorch,2,2,A,TRUE,,n02855390
1765,blowtorch,2,3,A,TRUE,,n02855390
1766,blowtorch,2,4,A,TRUE,,n02855390
1767,ipad,3,1,A,FALSE,,n03985232
1768,ipad,3,2,A,FALSE,,n03985232
1769,ipad,3,3,A,FALSE,,n03985232
1770,ipad,3,4,A,FALSE,,n03985232
1771,lemon,2,1,A,FALSE,951,n07749582
1772,lemon,2,2,A,FALSE,951,n07749582
1773,lemon,2,3,A,FALSE,951,n07749582
1774,cereal,1,1,A,FALSE,,n07702796
1775,cereal,1,2,A,FALSE,,n07702796
1776,cereal,1,3,A,FALSE,,n07702796
1777,cereal,1,4,A,FALSE,,n07702796
1778,orange,1,1,A,FALSE,950,n07747607
1779,orange,1,2,A,FALSE,950,n07747607
1780,orange,1,3,A,FALSE,950,n07747607
1781,orange,2,1,A,FALSE,950,n07747607
1782,orange,2,2,A,FALSE,950,n07747607
1783,orange,2,3,A,FALSE,950,n07747607
1784,lime,1,1,A,FALSE,,n07749731
1785,lime,1,2,A,FALSE,,n07749731
1786,lime,1,3,A,FALSE,,n07749731
1787,beer_bottle,1,1,A,FALSE,440,n02823428
1788,beer_bottle,1,2,A,FALSE,440,n02823428
1789,beer_bottle,1,3,A,FALSE,440,n02823428
1790,beer_bottle,1,4,A,FALSE,440,n02823428
1791,crisps,1,1,A,FALSE,,n07712559
1792,crisps,1,2,A,FALSE,,n07712559
1793,crisps,1,3,A,FALSE,,n07712559
1794,crisps,1,4,A,FALSE,,n07712559
1795,crisps,2,1,A,FALSE,,n07712559
1796,crisps,2,2,A,FALSE,,n07712559
1797,crisps,2,3,A,FALSE,,n07712559
1798,crisps,2,4,A,FALSE,,n07712559
1799,pop_bottle,1,1,A,FALSE,737,n03983396
1800,pop_bottle,1,2,A,FALSE,737,n03983396
1801,pop_bottle,1,3,A,FALSE,737,n03983396
1802,pop_bottle,2,1,A,FALSE,737,n03983396
1803,pop_bottle,2,2,A,FALSE,737,n03983396
1804,pop_bottle,2,3,A,FALSE,737,n03983396
1805,chewing_gum,1,1,A,FALSE,,n07599998
1806,chewing_gum,1,2,A,FALSE,,n07599998
1807,chewing_gum,1,3,A,FALSE,,n07599998
1808,chewing_gum,1,4,A,FALSE,,n07599998
1809,sandwich,1,1,A,FALSE,,n07695965
1810,sandwich,1,2,A,FALSE,,n07695965
1811,sandwich,1,3,A,FALSE,,n07695965
1812,sandwich,1,4,A,FALSE,,n07695965
1813,sandwich,1,5,A,FALSE,,n07695965
1814,butternut_squash,1,1,A,FALSE,942,n07717556
1815,butternut_squash,1,2,A,FALSE,942,n07717556
1816,butternut_squash,1,3,A,FALSE,942,n07717556
1817,butternut_squash,1,4,A,FALSE,942,n07717556
1818,roll_of_sweets,1,1,A,FALSE,,
1819,roll_of_sweets,1,2,A,FALSE,,
1820,roll_of_sweets,1,3,A,FALSE,,
1821,roll_of_sweets,1,4,A,FALSE,,
1822,bag_of_sweets,1,1,A,FALSE,,
1823,bag_of_sweets,1,2,A,FALSE,,
1824,bag_of_sweets,1,3,A,FALSE,,
1825,bag_of_sweets,1,4,A,FALSE,,
1826,bag_of_sweets,2,1,A,FALSE,,
1827,bag_of_sweets,2,2,A,FALSE,,
1828,bag_of_sweets,2,3,A,FALSE,,
1829,bag_of_sweets,2,4,A,FALSE,,
1830,bag_of_sweets,3,1,A,FALSE,,
1831,bag_of_sweets,3,2,A,FALSE,,
1832,bag_of_sweets,3,3,A,FALSE,,
1833,bag_of_sweets,3,4,A,FALSE,,
1834,chocolate,1,1,A,FALSE,,n07601999
1835,chocolate,1,2,A,FALSE,,n07601999
1836,chocolate,1,3,A,FALSE,,n07601999
1837,chocolate,1,4,A,FALSE,,n07601999
1838,chocolate,2,1,A,FALSE,,n07601999
1839,chocolate,2,2,A,FALSE,,n07601999
1840,chocolate,2,3,A,FALSE,,n07601999
1841,chocolate,2,4,A,FALSE,,n07601999
1842,biscuits,1,1,A,FALSE,,n07635155
1843,biscuits,1,2,A,FALSE,,n07635155
1844,biscuits,1,3,A,FALSE,,n07635155
1845,banana,1,1,A,FALSE,954,n07753592
1846,banana,1,2,A,FALSE,954,n07753592
1847,banana,1,3,A,FALSE,954,n07753592
1848,banana,1,4,A,FALSE,954,n07753592
1849,kiwi,1,1,A,FALSE,,n07763629
1850,kiwi,1,2,A,FALSE,,n07763629
1851,kiwi,1,3,A,FALSE,,n07763629
1852,kettle,1,1,A,FALSE,,n03612814
1853,kettle,1,2,A,FALSE,,n03612814
1854,kettle,1,3,A,FALSE,,n03612814
1855,pomegranate,1,1,A,FALSE,957,n07768694
1856,pomegranate,1,2,A,FALSE,957,n07768694
1857,pomegranate,1,3,A,FALSE,957,n07768694
1858,pomegranate,2,1,A,FALSE,957,n07768694
1859,pomegranate,2,2,A,FALSE,957,n07768694
1860,pomegranate,2,3,A,FALSE,957,n07768694
1861,wire_wool,1,1,A,FALSE,,n14803578
1862,wire_wool,1,2,A,FALSE,,n14803578
1863,wire_wool,1,3,A,FALSE,,n14803578
1864,wire_wool,1,4,A,FALSE,,n14803578
1865,wire_wool,1,5,A,FALSE,,n14803578
1866,wire_wool,1,6,A,FALSE,,n14803578
1867,wire_wool,1,7,A,FALSE,,n14803578
1868,loupe,1,1,A,FALSE,633,n03692522
1869,loupe,1,2,A,FALSE,633,n03692522
1870,loupe,1,3,A,FALSE,633,n03692522
1871,loupe,1,4,A,FALSE,633,n03692522
1872,French_loaf,1,1,A,FALSE,930,n07684084
1873,French_loaf,1,2,A,FALSE,930,n07684084
1874,French_loaf,1,3,A,FALSE,930,n07684084
1875,bell_pepper,1,1,A,FALSE,945,n07720875
1876,bell_pepper,1,2,A,FALSE,945,n07720875
1877,bell_pepper,1,3,A,FALSE,945,n07720875
1878,bell_pepper,1,4,A,FALSE,945,n07720875
1879,whistle,1,1,A,FALSE,902,n04579432
1880,whistle,1,2,A,FALSE,902,n04579432
1881,whistle,1,3,A,FALSE,902,n04579432
1882,whistle,2,1,A,FALSE,902,n04579432
1883,whistle,2,2,A,FALSE,902,n04579432
1884,whistle,2,3,A,FALSE,902,n04579432
1885,chocolate_sauce,1,1,A,FALSE,960,n07836838
1886,chocolate_sauce,1,2,A,FALSE,960,n07836838
1887,chocolate_sauce,1,3,A,FALSE,960,n07836838
1888,chocolate_sauce,1,4,A,FALSE,960,n07836838
1889,swimming_trunks,2,1,A,FALSE,842,n04371430
1890,swimming_trunks,2,2,A,FALSE,842,n04371430
1891,swimming_trunks,2,3,A,FALSE,842,n04371430
1892,swimming_trunks,2,4,A,FALSE,842,n04371430
1893,swimming_trunks,3,1,A,FALSE,842,n04371430
1894,swimming_trunks,3,2,A,FALSE,842,n04371430
1895,swimming_trunks,3,3,A,FALSE,842,n04371430
1896,swimming_trunks,3,4,A,FALSE,842,n04371430
1897,shorts,2,1,A,FALSE,,n04205318
1898,shorts,2,2,A,FALSE,,n04205318
1899,shorts,2,3,A,FALSE,,n04205318
1900,shorts,2,4,A,FALSE,,n04205318
1901,shorts,3,1,A,FALSE,,n04205318
1902,shorts,3,2,A,FALSE,,n04205318
1903,shorts,3,3,A,FALSE,,n04205318
1904,shorts,3,4,A,FALSE,,n04205318
1905,underpants,1,1,A,FALSE,,n04508489
1906,underpants,1,2,A,FALSE,,n04508489
1907,underpants,1,3,A,FALSE,,n04508489
1908,underpants,1,4,A,FALSE,,n04508489
1909,underpants,1,5,A,FALSE,,n04508489
1910,underpants,2,1,A,FALSE,,n04508489
1911,underpants,2,2,A,FALSE,,n04508489
1912,underpants,2,3,A,FALSE,,n04508489
1913,underpants,2,4,A,FALSE,,n04508489
1914,underpants,3,1,A,FALSE,,n04508489
1915,underpants,3,2,A,FALSE,,n04508489
1916,underpants,3,3,A,FALSE,,n04508489
1917,underpants,3,4,A,FALSE,,n04508489
1918,power_supply,2,1,A,FALSE,,n04471315
1919,power_supply,2,2,A,FALSE,,n04471315
1920,power_supply,2,3,A,FALSE,,n04471315
1921,power_supply,2,4,A,FALSE,,n04471315
1922,power_supply,2,5,A,FALSE,,n04471315
1923,power_supply,3,1,A,FALSE,,n04471315
1924,power_supply,3,2,A,FALSE,,n04471315
1925,power_supply,3,3,A,FALSE,,n04471315
1926,power_supply,3,4,A,FALSE,,n04471315
1927,power_supply,3,5,A,FALSE,,n04471315
